1601824719,746617,101524.0,147677.0,163.95,3,24.77,48.91,1493.05,3.27
1601824722,749618,101526.0,146897.0,165.38,3,24.76,48.97,1505.8,3.34
1601824725,752617,101522.0,148202.0,164.83,3,24.74,49.04,1500.89,3.31
1601824728,755618,101526.0,148996.0,163.5,3,24.77,48.96,1488.96,3.25
1601824731,758617,101528.0,149933.0,161.51,3,24.76,48.98,1471.03,3.17
1601824734,761617,101528.0,148070.0,162.34,3,24.75,48.99,1478.47,3.2
1601824737,764617,101528.0,149664.0,161.03,3,24.76,48.99,1466.71,3.15
1601824740,767618,101524.0,149798.0,159.99,3,24.74,49.05,1457.36,3.1
1601824743,770617,101522.0,150473.0,158.52,3,24.73,49.04,1444.14,3.04
1601824746,773618,101528.0,149396.0,158.74,3,24.76,48.97,1446.06,3.05
1601824749,776617,101528.0,149530.0,158.68,3,24.78,49.01,1445.5,3.05
1601824752,779617,101528.0,149933.0,158.13,3,24.8,49.0,1440.51,3.02
1601824755,782618,101528.0,149129.0,158.63,3,24.82,49.01,1444.98,3.04
1601824758,785617,101526.0,149530.0,158.47,3,24.82,49.06,1443.5,3.04
1601824761,788618,101528.0,149933.0,157.9,3,24.81,49.03,1438.34,3.01
1601824764,791617,101528.0,149262.0,158.31,3,24.8,49.0,1442.0,3.03
1601824767,794617,101526.0,149396.0,158.41,3,24.81,48.99,1442.89,3.03
1601824770,797617,101526.0,150609.0,157.07,3,24.82,48.92,1430.81,2.98
1601824773,800618,101510.0,111847.0,204.6,3,27.57,44.65,1855.72,5.66
1601824776,803618,101522.0,88170.0,270.14,2,28.39,58.0,2448.92,13.89
1601824779,806617,101512.0,67109.0,353.67,2,29.59,66.94,3207.86,43.73
1601824782,809618,101510.0,59373.0,424.51,2,30.61,71.3,3857.16,116.7
1601824785,812618,101510.0,54345.0,481.97,2,31.04,75.06,4389.33,260.88
1601824788,815618,101528.0,56632.0,500.0,2,29.65,83.29,4661.42,393.6
1601824791,818618,101526.0,58787.0,500.0,2,28.57,87.8,4767.55,462.1
1601824794,821618,101526.0,60580.0,500.0,2,28.05,89.77,4768.64,462.86
1601824797,824618,101524.0,61837.0,500.0,2,27.58,90.86,4715.74,427.29
1601824800,827618,101522.0,66893.0,491.47,2,27.25,88.4,4543.48,329.33
1601824803,830618,101526.0,71295.0,465.88,2,27.03,83.24,4320.87,235.23
1601824806,833618,101528.0,76038.0,437.2,2,26.79,77.96,4068.12,160.53
1601824809,836617,101526.0,80669.0,407.42,2,26.54,74.31,3803.52,107.61
1601824812,839618,101526.0,84767.0,378.65,2,26.31,71.57,3546.56,72.97
1601824815,842617,101526.0,87707.0,353.24,2,26.15,69.3,3319.35,51.76
1601824818,845617,101524.0,91256.0,329.44,2,26.05,66.73,3105.76,37.48
1601824821,848618,101524.0,94440.0,308.1,2,25.97,63.33,2913.93,28.04
1601824824,851618,101524.0,99212.0,286.34,2,25.9,59.62,2716.88,20.82
1601824827,854617,101526.0,102503.0,267.07,2,25.87,56.78,2542.15,15.99
1601824830,857618,101526.0,106222.0,249.75,2,25.84,54.68,2378.08,12.48
1601824833,860617,101524.0,108855.0,235.07,2,25.79,53.16,2239.01,10.11
1601824836,863617,101518.0,107661.0,227.9,2,25.82,52.15,2171.08,9.12
1601824926,8618,101522.0,44238.0,168.8,0,25.65,46.8,1543.07,3.53
1601824929,11618,101518.0,50650.0,168.9,0,25.64,46.99,1544.29,3.54
1601824932,14617,101520.0,57890.0,169.07,0,25.6,47.21,1546.43,3.55
1601824935,17618,101524.0,63823.0,169.3,0,25.59,47.38,1549.32,3.56
1601824938,20618,101524.0,69455.0,169.6,0,25.59,48.11,1552.72,3.58
1601824941,23618,101524.0,75624.0,169.96,0,25.55,48.4,1556.32,3.6
1601824944,26618,101526.0,80982.0,170.39,0,25.53,48.35,1559.97,3.62
1601824947,29618,101528.0,85461.0,170.89,0,25.5,48.25,1563.57,3.64
1601824950,32618,101530.0,89687.0,171.45,0,25.47,48.18,1567.03,3.66
1601824953,35618,101526.0,93297.0,171.83,0,25.46,48.19,1570.34,3.68
1601824956,38617,101524.0,95031.0,172.22,0,25.43,48.22,1573.79,3.7
1601824959,41618,101522.0,97931.0,172.59,0,25.42,48.19,1577.1,3.72
1601824962,44617,101520.0,100406.0,172.94,0,25.39,48.19,1580.31,3.74
1601824965,47618,101518.0,102566.0,173.29,0,25.39,48.17,1583.46,3.75
1601824968,50618,101516.0,103843.0,173.66,0,25.37,48.2,1586.78,3.77
1601824971,53618,101518.0,105617.0,174.03,0,25.35,48.22,1590.06,3.79
1601824974,56618,101514.0,107523.0,174.38,0,25.34,48.26,1593.18,3.81
1601824977,59618,101512.0,108010.0,174.77,0,25.33,48.4,1596.75,3.83
1601824980,62618,101512.0,108501.0,175.21,0,25.32,48.83,1600.65,3.85
1601824983,65618,101514.0,111102.0,175.54,0,25.27,49.04,1603.67,3.87
1601824986,68618,101516.0,111772.0,175.92,0,25.25,48.94,1607.05,3.89
1601824989,71618,101514.0,114612.0,176.16,0,25.2,48.99,1609.26,3.9
1601824992,74617,101514.0,115966.0,176.41,0,25.16,48.83,1611.46,3.92
1601824995,77618,101520.0,117187.0,176.65,0,25.16,48.71,1613.66,3.93
1601824998,80617,101518.0,119026.0,176.83,0,25.13,48.65,1615.29,3.94
1601825001,83618,101514.0,119282.0,177.11,0,25.11,48.65,1617.74,3.95
1601825004,86618,101516.0,120749.0,177.32,0,25.09,48.62,1619.69,3.96
1601825007,89618,101516.0,121896.0,177.52,0,25.07,48.61,1621.48,3.98
1601825010,92618,101522.0,122702.0,177.73,0,25.06,48.62,1623.4,3.99
1601825013,95618,101520.0,123155.0,178.0,0,25.06,48.62,1625.75,4.0
1601825016,98617,101520.0,124255.0,178.21,0,25.03,48.69,1627.66,4.01
1601825019,101617,101522.0,125282.0,178.39,0,25.02,48.64,1629.24,4.02
1601825022,104617,101522.0,126229.0,178.53,0,25.01,48.63,1630.59,4.03
1601825025,107617,101524.0,126134.0,178.82,0,25.0,48.6,1633.16,4.05
1601825028,110617,101524.0,126229.0,179.18,0,25.0,48.6,1636.39,4.07
1601825031,113617,101524.0,126612.0,179.55,0,24.98,48.64,1639.69,4.09
1601825034,116617,101526.0,128168.0,179.7,0,24.96,48.65,1641.07,4.09
1601825037,119617,101524.0,128662.0,179.88,0,24.95,48.67,1642.68,4.1
1601825040,122617,101526.0,129763.0,179.95,0,24.94,48.68,1643.32,4.11
1601825043,125617,101522.0,130371.0,180.03,0,24.93,48.69,1644.04,4.11
1601825046,128618,101520.0,130168.0,180.3,0,24.91,48.7,1646.43,4.13
1601825049,131617,101518.0,131191.0,180.41,0,24.9,48.73,1647.48,4.13
1601825052,134617,101518.0,131398.0,180.61,0,24.89,48.75,1649.21,4.15
1601825055,137617,101520.0,132021.0,180.75,0,24.88,48.77,1650.47,4.15
1601825058,140617,101520.0,133393.0,180.64,0,24.87,48.76,1649.54,4.15
1601825061,143617,101522.0,133500.0,180.69,0,24.86,48.75,1649.95,4.15
1601825064,146617,101522.0,132231.0,181.24,0,24.86,48.76,1654.88,4.18
1601825067,149617,101522.0,133393.0,181.45,0,24.85,48.77,1656.79,4.19
1601825070,152618,101524.0,133607.0,181.69,0,24.84,48.84,1658.96,4.21
1601825073,155618,101520.0,133821.0,181.95,0,24.84,48.82,1661.31,4.22
1601825076,158617,101522.0,134360.0,182.12,0,24.83,48.83,1662.81,4.23
1601825079,161618,101522.0,135450.0,182.01,0,24.82,48.87,1661.86,4.23
1601825082,164618,101524.0,135892.0,181.92,0,24.81,48.9,1661.04,4.22
1601825085,167617,101520.0,135561.0,182.13,0,24.79,48.92,1662.91,4.23
1601825088,170618,101520.0,134794.0,182.72,0,24.79,48.95,1668.25,4.27
1601825091,173618,101518.0,135231.0,183.13,0,24.8,48.95,1671.87,4.29
1601825094,176618,101518.0,135341.0,183.52,0,24.79,48.99,1675.46,4.31
1601825097,179618,101520.0,134903.0,184.16,0,24.78,49.04,1681.15,4.35
1601825100,182618,101522.0,135121.0,184.67,0,24.79,49.06,1685.73,4.38
1601825103,185618,101518.0,134794.0,185.35,0,24.78,49.1,1691.85,4.42
1601825106,188618,101518.0,134903.0,185.95,0,24.78,49.13,1697.23,4.46
1601825109,191617,101518.0,134252.0,186.86,0,24.78,49.14,1705.49,4.51
1601825112,194617,101518.0,134144.0,187.75,0,24.78,49.17,1713.48,4.57
1601825115,197617,101522.0,132862.0,189.24,0,24.79,49.22,1726.85,4.66
1601825118,200618,101522.0,132335.0,190.72,0,24.8,49.63,1740.17,4.76
1601825121,203617,101520.0,130780.0,192.8,0,24.81,49.99,1758.82,4.89
1601825124,206618,101522.0,113598.0,204.74,0,25.21,52.19,1866.25,5.75
1601825127,209618,101522.0,110440.0,215.04,0,25.16,56.85,1958.81,6.62
1601825130,212618,101524.0,111622.0,221.53,0,25.17,57.41,2017.18,7.23
1601825133,215617,101520.0,106903.0,229.58,0,25.41,58.08,2089.57,8.07
1601825136,218617,101518.0,102946.0,238.26,0,25.54,59.92,2167.68,9.08
1601825139,221617,101516.0,99806.0,246.93,0,25.69,61.25,2245.59,10.21
1601825142,224618,101516.0,95140.0,256.94,0,25.88,63.64,2335.58,11.7
1601825145,227618,101516.0,95322.0,263.43,0,25.94,65.71,2393.99,12.78
1601825148,230617,101522.0,98626.0,265.04,0,25.88,64.27,2408.41,13.06
1601825151,233618,101518.0,104558.0,261.17,0,25.81,60.5,2373.6,12.39
1601825154,236618,101522.0,110003.0,254.03,0,25.77,57.19,2309.48,11.25
1601825157,239617,101526.0,113986.0,246.02,0,25.73,54.63,2237.38,10.09
1601825160,242618,101522.0,116941.0,238.28,0,25.69,52.88,2167.78,9.08
1601825163,245617,101516.0,119026.0,231.48,0,25.68,51.58,2106.69,8.28
1601825166,248617,101520.0,121099.0,225.3,0,25.66,50.81,2051.11,7.61
1601825169,251617,101520.0,122702.0,219.95,0,25.64,50.27,2003.03,7.08
1601825172,254617,101520.0,123611.0,215.83,0,25.62,49.9,1965.92,6.69
1601825175,257617,101518.0,125188.0,211.93,0,25.56,49.67,1930.85,6.35
1601825178,260617,101522.0,126039.0,208.88,0,25.53,49.36,1903.43,6.09
1601825181,263618,101522.0,126901.0,206.39,0,25.49,49.23,1881.05,5.89
1601825184,266617,101520.0,127288.0,204.71,0,25.5,49.07,1865.99,5.75
1601825187,269617,101522.0,127776.0,203.52,0,25.49,48.97,1855.22,5.66
1601825190,272617,101520.0,127972.0,202.98,0,25.47,48.87,1850.38,5.62
1601825193,275618,101514.0,128762.0,202.24,0,25.46,48.77,1843.79,5.56
1601825196,278618,101516.0,128365.0,202.64,0,25.47,48.7,1847.38,5.59
1601825199,281618,101516.0,128563.0,203.23,0,25.44,48.69,1852.64,5.64
1601825202,284618,101516.0,129360.0,203.23,0,25.43,48.62,1852.69,5.64
1601825205,287618,101520.0,129160.0,203.94,0,25.45,48.54,1859.06,5.69
1601825208,290618,101516.0,128762.0,205.44,0,25.43,48.58,1872.48,5.81
1601825211,293618,101516.0,129461.0,206.14,0,25.42,48.56,1878.78,5.86
1601825214,296617,101516.0,129260.0,207.4,0,25.4,48.6,1890.1,5.97
1601825217,299618,101514.0,129864.0,208.03,0,25.39,48.57,1895.77,6.02
1601825220,302617,101516.0,130575.0,208.07,0,25.36,48.6,1896.17,6.02
1601825223,305617,101518.0,130066.0,209.28,0,25.36,48.55,1907.03,6.12
1601825226,308618,101518.0,129965.0,209.94,3,25.35,48.57,1912.97,6.18
1601825229,311618,101518.0,130575.0,209.9,3,25.3,48.6,1912.54,6.17
1601825232,314617,101520.0,130066.0,210.84,3,25.28,48.56,1920.9,6.25
1601825235,317617,101520.0,132126.0,209.04,3,25.25,48.53,1904.67,6.1
1601825238,320617,101524.0,131191.0,209.3,3,25.23,48.56,1906.96,6.12
1601825241,323617,101520.0,131294.0,209.57,3,25.23,48.54,1909.32,6.14
1601825244,326618,101516.0,131605.0,209.57,3,25.21,48.6,1909.28,6.14
1601825247,329618,101520.0,131813.0,209.49,3,25.22,48.57,1908.5,6.13
1601825250,332618,101518.0,131813.0,209.65,3,25.2,48.61,1909.87,6.15
1601825253,335618,101518.0,131709.0,210.09,3,25.2,48.57,1913.82,6.18
1601825256,338618,101518.0,132231.0,209.9,3,25.19,48.59,1912.02,6.17
1601825259,341617,101518.0,132231.0,209.98,3,25.18,48.53,1912.68,6.17
1601825262,344617,101518.0,132021.0,210.49,3,25.18,48.51,1917.23,6.22
1601825265,347617,101516.0,132757.0,210.05,3,25.15,48.64,1913.17,6.18
1601825268,350618,101516.0,132862.0,209.78,3,25.12,48.71,1910.77,6.16
1601825271,353618,101518.0,133287.0,209.19,3,25.12,48.72,1905.4,6.11
1601825274,356618,101514.0,132862.0,209.5,3,25.11,48.73,1908.09,6.13
1601825277,359617,101514.0,133393.0,209.18,3,25.08,48.79,1905.17,6.1
1601825280,362617,101518.0,133287.0,209.21,3,25.1,48.75,1905.37,6.11
1601825283,365617,101518.0,132862.0,209.93,3,25.08,48.79,1911.77,6.16
1601825286,368618,101514.0,132757.0,210.65,3,25.09,48.79,1918.26,6.23
1601825289,371617,101516.0,133074.0,210.85,3,25.08,48.84,1919.94,6.24
1601825292,374617,101516.0,132862.0,211.35,3,25.08,48.86,1924.41,6.28
1601825295,377618,101516.0,132335.0,212.48,3,25.08,48.88,1934.45,6.38
1601825298,380618,101516.0,132335.0,213.34,3,25.07,48.93,1942.14,6.45
1601825301,383618,101518.0,133393.0,212.66,3,25.05,48.94,1935.95,6.39
1601825304,386617,101518.0,134468.0,210.88,3,25.04,48.94,1919.97,6.24
1601825307,389618,101520.0,134360.0,209.93,3,25.01,48.98,1911.34,6.16
1601825310,392617,101518.0,135341.0,208.11,3,25.0,48.96,1894.95,6.01
1601825313,395618,101522.0,134903.0,207.53,3,24.98,48.99,1889.69,5.96
1601825316,398618,101520.0,135231.0,206.79,3,24.98,48.99,1882.97,5.9
1601825319,401617,101518.0,134577.0,207.21,3,24.97,49.01,1886.73,5.94
1601825322,404617,101520.0,135781.0,206.04,3,24.96,49.01,1876.16,5.84
1601825325,407618,101520.0,136336.0,204.62,3,24.95,48.99,1863.33,5.73
1601825328,410617,101516.0,136671.0,203.33,3,24.93,48.98,1851.67,5.63
1601825331,413617,101518.0,136002.0,203.39,3,24.92,49.0,1852.13,5.63
1601825334,416618,101512.0,137686.0,201.38,3,24.9,49.02,1834.07,5.48
1601825337,419618,101514.0,137233.0,200.67,3,24.88,49.07,1827.6,5.43
1601825340,422618,101516.0,137913.0,199.38,3,24.88,49.08,1815.95,5.33
1601825343,425618,101516.0,137686.0,198.85,3,24.86,49.15,1811.21,5.3
1601825346,428617,101518.0,138027.0,198.12,3,24.86,49.16,1804.53,5.24
1601825349,431617,101516.0,137686.0,198.1,3,24.85,49.19,1804.35,5.24
1601825352,434617,101518.0,137686.0,198.15,3,24.85,49.19,1804.67,5.24
1601825355,437617,101516.0,137686.0,198.25,3,24.84,49.18,1805.52,5.25
1601825358,440618,101514.0,137346.0,198.79,3,24.85,49.15,1810.33,5.29
1601825361,443618,101516.0,137346.0,199.19,3,24.86,49.15,1813.89,5.32
1601825364,446618,101516.0,137459.0,199.38,3,24.85,49.17,1815.5,5.33
1601825367,449618,101516.0,137686.0,199.25,3,24.85,49.17,1814.34,5.32
1601825370,452618,101516.0,137686.0,199.2,3,24.85,49.18,1813.82,5.32
1601825373,455618,101514.0,136559.0,200.63,3,24.85,49.2,1826.59,5.42
1601825376,458617,101514.0,137007.0,201.06,3,24.86,49.19,1830.35,5.45
1601825379,461618,101516.0,136783.0,201.65,3,24.85,49.27,1835.62,5.49
1601825382,464618,101514.0,137913.0,200.65,3,24.84,49.31,1826.56,5.42
1601825385,467618,101514.0,138142.0,199.71,3,24.83,49.3,1818.09,5.35
1601825388,470617,101518.0,138947.0,198.1,3,24.82,49.28,1803.56,5.23
1601825391,473617,101518.0,138485.0,197.59,3,24.82,49.29,1798.95,5.2
1601825394,476618,101516.0,138371.0,197.41,3,24.82,49.27,1797.33,5.19
1601825397,479617,101518.0,138947.0,196.6,3,24.81,49.31,1789.95,5.13
1601825400,482617,101516.0,138947.0,196.09,3,24.8,49.29,1785.3,5.09
1601825403,485617,101520.0,138142.0,196.76,3,24.8,49.33,1791.26,5.14
1601825406,488618,101522.0,139178.0,195.97,3,24.77,49.38,1784.18,5.08
1601825409,491617,101522.0,138947.0,195.73,3,24.77,49.42,1781.97,5.07
1601825412,494618,101522.0,138716.0,195.87,3,24.77,49.43,1783.13,5.08
1601825415,497618,101522.0,138600.0,196.13,3,24.76,49.48,1785.38,5.09
1601825418,500617,101518.0,139178.0,195.59,3,24.75,49.53,1780.48,5.06
1601825421,503617,101520.0,137913.0,196.83,3,24.75,49.49,1791.63,5.14
1601825424,506618,101514.0,139295.0,195.96,3,24.74,49.55,1783.74,5.08
1601825427,509618,101518.0,138027.0,196.97,3,24.75,49.49,1792.72,5.15
1601825430,512618,101518.0,138485.0,197.08,3,24.75,49.51,1793.7,5.16
1601825433,515618,101518.0,138256.0,197.46,3,24.75,49.52,1797.0,5.18
1601825436,518618,101516.0,137913.0,198.16,3,24.75,49.5,1803.25,5.23
1601825439,521618,101512.0,138142.0,198.36,3,24.74,49.56,1804.98,5.25
1601825442,524618,101518.0,137572.0,199.22,3,24.75,49.52,1812.63,5.31
1601825445,527617,101518.0,137459.0,199.96,3,24.75,49.51,1819.23,5.36
1601825448,530618,101520.0,137459.0,200.47,3,24.75,49.52,1823.76,5.4
1601825451,533617,101516.0,138027.0,200.12,3,24.74,49.53,1820.57,5.37
1601825454,536618,101514.0,138142.0,199.74,3,24.74,49.53,1817.08,5.34
1601825457,539618,101516.0,137120.0,200.78,3,24.74,49.54,1826.36,5.42
1601825460,542617,101518.0,138371.0,199.92,3,24.73,49.56,1818.61,5.35
1601825463,545618,101518.0,138027.0,199.75,3,24.74,49.57,1816.98,5.34
1601825466,548618,101518.0,138256.0,199.34,3,24.73,49.6,1813.31,5.31
1601825469,551618,101518.0,137120.0,200.52,3,24.72,49.63,1823.8,5.4
1601825472,554617,101520.0,137913.0,200.35,3,24.69,49.72,1822.19,5.38
1601825475,557618,101520.0,138831.0,199.06,3,24.69,49.74,1810.61,5.29
1601825478,560617,101520.0,138371.0,198.77,3,24.67,49.78,1807.99,5.27
1601825481,563618,101524.0,139761.0,196.84,3,24.67,49.76,1790.56,5.13
1601825484,566618,101522.0,139996.0,195.2,3,24.68,49.73,1775.84,5.02
1601825487,569618,101524.0,138947.0,195.4,3,24.67,49.76,1777.56,5.03
1601825490,572618,101522.0,139761.0,194.51,3,24.67,49.75,1769.57,4.97
1601825493,575618,101522.0,140349.0,193.18,3,24.67,49.73,1757.55,4.88
1601825496,578618,101518.0,139528.0,193.3,3,24.66,49.75,1758.6,4.89
1601825499,581618,101518.0,139644.0,193.24,3,24.66,49.75,1758.02,4.89
1601825502,584618,101522.0,140823.0,191.73,3,24.67,49.71,1744.4,4.79
1601825505,587618,101522.0,141180.0,190.25,3,24.67,49.69,1731.13,4.69
1601825508,590618,101518.0,141061.0,189.41,3,24.65,49.72,1723.57,4.64
1601825511,593618,101518.0,141419.0,188.39,3,24.66,49.7,1714.34,4.57
1601825514,596618,101518.0,141660.0,187.4,3,24.65,49.73,1705.43,4.51
1601825517,599617,101518.0,141780.0,186.58,3,24.65,49.71,1698.05,4.46
1601825520,602618,101520.0,142142.0,185.58,3,24.65,49.71,1689.02,4.4
1601825523,605617,101520.0,141180.0,186.09,3,24.65,49.71,1693.49,4.43
1601825526,608617,101520.0,142142.0,185.26,3,24.64,49.74,1686.05,4.38
1601825529,611617,101518.0,142995.0,183.67,3,24.63,49.74,1671.76,4.29
1601825532,614617,101518.0,142263.0,183.51,3,24.61,49.78,1670.25,4.28
1601825535,617618,101522.0,141419.0,184.43,3,24.63,49.72,1678.46,4.33
1601825538,620618,101522.0,142506.0,183.72,3,24.64,49.71,1672.02,4.29
1601825541,623617,101522.0,140704.0,185.44,3,24.65,49.71,1687.39,4.39
1601825544,626617,101522.0,140942.0,186.33,3,24.65,49.72,1695.29,4.44
1601825547,629618,101520.0,141419.0,186.34,3,24.65,49.74,1695.36,4.44
1601825550,632617,101516.0,141180.0,186.65,3,24.65,49.73,1698.1,4.46
1601825553,635618,101516.0,140231.0,188.05,3,24.66,49.67,1710.59,4.55
1601825556,638618,101516.0,141061.0,188.0,3,24.65,49.69,1710.07,4.54
1601825559,641618,101518.0,141180.0,187.81,3,24.66,49.66,1708.32,4.53
1601825562,644617,101518.0,141660.0,187.1,3,24.64,49.74,1701.89,4.49
1601825565,647618,101518.0,141419.0,186.92,3,24.64,49.7,1700.27,4.48
1601825568,650618,101518.0,142263.0,185.77,3,24.64,49.71,1689.86,4.41
1601825571,653618,101518.0,142021.0,185.3,3,24.63,49.7,1685.62,4.38
1601825574,656617,101518.0,141061.0,186.15,3,24.64,49.69,1693.23,4.43
1601825577,659617,101518.0,141901.0,185.72,3,24.63,49.73,1689.25,4.4
1601825580,662617,101518.0,142263.0,184.97,3,24.64,49.69,1682.51,4.36
1601825583,665617,101516.0,141901.0,184.91,3,24.64,49.68,1681.91,4.36
1601825586,668617,101516.0,143240.0,183.24,3,24.64,49.65,1666.91,4.26
1601825589,671618,101518.0,142385.0,183.15,3,24.63,49.69,1666.08,4.25
1601825592,674618,101516.0,141780.0,183.85,3,24.62,49.73,1672.29,4.29
1601825595,677618,101516.0,142506.0,183.45,3,24.62,49.72,1668.62,4.27
1601825598,680618,101518.0,141660.0,184.24,3,24.6,49.78,1675.65,4.31
1601825601,683618,101516.0,141780.0,184.65,3,24.58,49.86,1679.27,4.34
1601825604,686617,101516.0,142872.0,183.58,3,24.58,49.89,1669.67,4.28
1601825607,689618,101518.0,141300.0,184.78,3,24.58,49.89,1680.4,4.35
1601825610,692618,101518.0,142263.0,184.42,3,24.57,49.94,1677.09,4.32
1601825613,695618,101516.0,143117.0,183.13,3,24.56,49.97,1665.46,4.25
1601825616,698618,101520.0,142872.0,182.54,3,24.56,49.96,1660.15,4.21
1601825619,701618,101516.0,142872.0,182.14,3,24.56,49.95,1656.49,4.19
1601825622,704617,101518.0,142385.0,182.46,3,24.55,50.0,1659.3,4.21
1601825625,707618,101518.0,142506.0,182.52,3,24.55,50.0,1659.85,4.21
1601825628,710618,101518.0,141539.0,183.74,3,24.56,50.0,1670.68,4.28
1601825631,713617,101516.0,142628.0,183.23,3,24.56,49.99,1666.05,4.25
1601825634,716617,101522.0,142872.0,182.56,3,24.57,49.97,1660.02,4.21
1601825637,719617,101522.0,142142.0,182.99,3,24.57,49.96,1663.85,4.24
1601825640,722617,101522.0,141780.0,183.7,3,24.59,49.93,1670.16,4.28
1601825643,725618,101520.0,142385.0,183.45,3,24.58,49.94,1667.85,4.26
1601825646,728618,101516.0,141300.0,184.63,3,24.56,50.01,1678.32,4.33
1601825649,731618,101516.0,142506.0,183.94,3,24.56,50.02,1672.1,4.29
1601825652,734618,101518.0,142872.0,183.0,3,24.57,49.99,1663.62,4.24
1601825655,737618,101520.0,142506.0,182.78,3,24.57,50.0,1661.69,4.22
1601825658,740617,101518.0,142263.0,182.93,3,24.58,49.96,1662.9,4.23
1601825661,743617,101520.0,141419.0,184.04,3,24.58,50.0,1672.85,4.3
1601825664,746617,101522.0,142750.0,183.15,3,24.58,50.02,1664.84,4.24
1601825667,749617,101522.0,142263.0,183.12,3,24.58,50.04,1664.48,4.24
1601825670,752617,101518.0,141419.0,184.15,3,24.56,50.08,1673.67,4.3
1601825673,755618,101518.0,142872.0,183.05,3,24.56,50.1,1663.79,4.24
1601825676,758617,101518.0,142628.0,182.58,3,24.56,50.11,1659.51,4.21
1601825679,761617,101518.0,141901.0,183.15,3,24.56,50.08,1664.57,4.24
1601825682,764618,101518.0,142872.0,182.33,3,24.56,50.09,1657.21,4.2
1601825685,767618,101516.0,142995.0,181.61,3,24.56,50.09,1650.7,4.15
1601825688,770618,101522.0,142628.0,181.55,3,24.57,50.06,1650.07,4.15
1601825691,773617,101522.0,142628.0,181.49,3,24.57,50.06,1649.54,4.15
1601825694,776617,101520.0,141180.0,183.22,3,24.58,50.06,1664.9,4.24
1601825697,779617,101522.0,142021.0,183.35,3,24.59,50.01,1666.03,4.25
1601825700,782617,101518.0,142995.0,182.23,3,24.6,49.97,1655.95,4.19
1601825703,785618,101518.0,142750.0,181.75,3,24.6,49.95,1651.67,4.16
1601825706,788618,101516.0,142995.0,181.12,3,24.61,49.92,1645.92,4.12
1601825709,791617,101520.0,144606.0,178.73,3,24.6,49.92,1624.52,3.99
1601825712,794617,101518.0,144231.0,177.56,3,24.6,49.87,1614.0,3.93
1601825715,797618,101518.0,144356.0,176.6,3,24.61,49.82,1605.42,3.88
1601825718,800618,101518.0,143982.0,176.41,3,24.6,49.86,1603.66,3.87
1601825721,803618,101516.0,143982.0,176.28,3,24.6,49.87,1602.46,3.86
1601825724,806617,101516.0,142872.0,177.53,3,24.6,49.94,1613.54,3.93
1601825727,809617,101516.0,144231.0,176.74,3,24.58,49.99,1606.49,3.89
1601825730,812617,101518.0,143610.0,176.97,3,24.59,49.92,1608.43,3.9
1601825733,815617,101520.0,142872.0,178.04,3,24.57,49.99,1617.98,3.95
1601825736,818617,101518.0,143734.0,177.71,3,24.58,49.98,1614.96,3.94
1601825739,821618,101516.0,143363.0,177.93,3,24.57,50.03,1616.93,3.95
1601825742,824618,101512.0,144231.0,177.04,3,24.57,49.99,1608.92,3.9
1601825745,827618,101520.0,145109.0,175.35,3,24.58,49.98,1593.76,3.81
1601825748,830618,101520.0,145109.0,174.19,3,24.58,49.97,1583.3,3.75
1601825751,833617,101514.0,145615.0,172.79,3,24.57,49.97,1570.79,3.68
1601825754,836617,101522.0,144606.0,173.06,3,24.57,49.96,1573.12,3.69
1601825757,839618,101518.0,145870.0,171.71,3,24.58,49.93,1561.02,3.63
1601825760,842617,101520.0,146768.0,169.75,3,24.57,49.88,1543.45,3.53
1601825763,845618,101518.0,148730.0,166.1,3,24.56,49.87,1510.82,3.36
1601825766,848617,101516.0,147026.0,165.65,3,24.56,49.82,1506.72,3.34
1601825769,851618,101520.0,147939.0,164.27,3,24.56,49.8,1494.38,3.28
1601825772,854617,101518.0,149396.0,161.65,3,24.55,49.79,1470.92,3.17
1601825775,857617,101518.0,147808.0,161.74,3,24.55,49.79,1471.7,3.17
1601825778,860618,101518.0,148730.0,160.73,3,24.54,49.86,1462.63,3.13
1601825781,863617,101520.0,149530.0,159.13,3,24.54,49.82,1448.23,3.06
1601825784,866618,101518.0,148070.0,159.75,3,24.54,49.84,1453.81,3.09
1601825787,869617,101520.0,148863.0,159.25,3,24.55,49.84,1449.23,3.06
1601825790,872617,101520.0,148465.0,159.38,3,24.55,49.82,1450.41,3.07
1601825793,875617,101518.0,147939.0,160.11,3,24.56,49.8,1456.83,3.1
1601825796,878618,101522.0,147677.0,160.91,3,24.58,49.75,1463.94,3.13
1601825799,881618,101526.0,146382.0,163.01,3,24.59,49.71,1482.65,3.22
1601825802,884618,101524.0,147677.0,162.92,3,24.59,49.71,1481.82,3.22
1601825805,887618,101526.0,148070.0,162.4,3,24.59,49.73,1477.1,3.2
1601825808,890618,101524.0,147156.0,163.13,3,24.58,49.79,1483.61,3.23
1601825811,893618,101526.0,147546.0,163.16,3,24.6,49.72,1483.85,3.23
1601825814,896618,101526.0,147416.0,163.34,3,24.6,49.73,1485.4,3.24
1601825817,899618,101526.0,146639.0,164.38,3,24.61,49.71,1494.68,3.28
1601825820,902617,101524.0,146639.0,165.09,3,24.62,49.72,1500.9,3.31
1601825823,905618,101526.0,145361.0,167.09,3,24.63,49.71,1518.74,3.4
1601825826,908618,101526.0,145615.0,168.16,3,24.63,49.71,1528.28,3.45
1601825829,911618,101524.0,145235.0,169.35,3,24.63,49.73,1538.85,3.51
1601825832,914617,101524.0,145742.0,169.56,3,24.63,49.73,1540.65,3.52
1601825835,917618,101522.0,145615.0,169.88,3,24.62,49.69,1543.52,3.53
1601825838,920618,101522.0,144983.0,170.88,3,24.63,49.64,1552.34,3.58
1601825841,923617,101524.0,145742.0,170.68,3,24.61,49.69,1550.5,3.57
1601825844,926618,101524.0,144606.0,171.93,3,24.6,49.71,1561.66,3.63
1601825847,929617,101524.0,144983.0,172.35,3,24.6,49.7,1565.36,3.65
1601825850,932618,101524.0,146510.0,170.81,3,24.6,49.69,1551.59,3.58
1601825853,935618,101524.0,146125.0,170.22,3,24.61,49.67,1546.22,3.55
1601825856,938618,101530.0,146125.0,169.81,3,24.61,49.67,1542.57,3.53
1601825859,941617,101526.0,146639.0,168.94,3,24.6,49.68,1534.74,3.49
1601825862,944617,101522.0,147546.0,167.32,3,24.56,49.76,1520.2,3.41
1601825865,947618,101520.0,148465.0,165.13,3,24.56,49.74,1500.62,3.31
1601825868,950618,101522.0,149798.0,162.08,3,24.56,49.69,1473.41,3.18
1601825871,953618,101526.0,148863.0,161.12,3,24.54,49.74,1464.81,3.14
1601825874,956618,101526.0,149798.0,159.39,3,24.54,49.73,1449.25,3.06
1601825877,959617,101522.0,149262.0,158.83,3,24.54,49.75,1444.25,3.04
1601825880,962617,101526.0,149262.0,158.46,3,24.54,49.77,1440.88,3.03
1601825883,965617,101524.0,148598.0,159.0,3,24.53,49.8,1445.7,3.05
1601825886,968618,101522.0,150067.0,157.66,3,24.53,49.79,1433.72,2.99
1601825889,971618,101526.0,151155.0,155.49,3,24.53,49.78,1414.26,2.91
1601825892,974618,101522.0,151018.0,154.2,3,24.5,49.83,1402.72,2.86
1601825895,977617,101522.0,152258.0,151.91,3,24.48,49.87,1382.3,2.77
1601825898,980617,101526.0,152816.0,149.72,3,24.48,49.85,1362.68,2.69
1601825901,983617,101526.0,151567.0,149.67,3,24.48,49.84,1362.2,2.69
1601825904,986617,101528.0,152258.0,148.86,3,24.48,49.83,1354.93,2.66
1601825907,989617,101524.0,152397.0,148.15,3,24.48,49.84,1348.58,2.63
1601825910,992618,101526.0,152258.0,147.83,3,24.48,49.85,1345.72,2.62
1601825913,995618,101526.0,152956.0,146.83,3,24.48,49.84,1336.69,2.58
1601825916,998618,101528.0,151705.0,147.58,3,24.48,49.86,1343.36,2.61
1601825919,1001618,101524.0,152258.0,147.46,3,24.49,49.82,1342.26,2.61
1601825922,1004617,101524.0,153378.0,146.09,3,24.49,49.85,1329.99,2.56
1601825925,1007617,101526.0,153660.0,144.83,3,24.49,49.83,1318.75,2.52
1601825928,1010618,101524.0,152676.0,145.09,3,24.5,49.81,1321.04,2.52
1601825931,1013618,101528.0,153237.0,144.63,3,24.5,49.81,1316.89,2.51
1601825934,1016617,101528.0,154086.0,143.34,3,24.5,49.82,1305.36,2.46
1601825937,1019617,101526.0,154228.0,142.32,3,24.48,49.87,1296.2,2.43
1601825940,1022618,101528.0,154228.0,141.62,3,24.49,49.82,1289.92,2.41
1601825943,1025617,101526.0,155088.0,140.16,3,24.49,49.83,1276.89,2.36
1601825946,1028618,101528.0,154514.0,139.82,3,24.49,49.81,1273.83,2.35
1601825949,1031617,101528.0,155377.0,138.64,3,24.48,49.81,1263.22,2.31
1601825952,1034618,101528.0,156543.0,136.52,3,24.48,49.8,1244.31,2.25
1601825955,1037617,101528.0,155233.0,136.53,3,24.5,49.76,1244.34,2.25
1601825958,1040617,101528.0,154944.0,136.85,3,24.51,49.74,1247.21,2.26
1601825961,1043618,101530.0,153660.0,138.55,3,24.5,49.78,1262.34,2.31
1601825964,1046618,101530.0,153944.0,139.4,3,24.5,49.81,1269.8,2.34
1601825967,1049618,101530.0,153944.0,139.97,3,24.5,49.83,1274.87,2.35
1601825970,1052617,101528.0,154514.0,139.71,3,24.5,49.85,1272.5,2.35
1601825973,1055618,101532.0,155088.0,138.87,3,24.5,49.85,1265.02,2.32
1601825976,1058617,101530.0,153237.0,140.4,3,24.5,49.86,1278.65,2.37
1601825979,1061617,101528.0,153519.0,141.13,3,24.51,49.81,1285.12,2.39
1601825982,1064618,101530.0,154371.0,140.67,3,24.5,49.85,1280.93,2.38
1601825985,1067617,101528.0,153096.0,141.79,3,24.51,49.84,1290.89,2.41
1601825988,1070617,101526.0,152816.0,142.86,3,24.51,49.88,1300.43,2.45
1601825991,1073618,101528.0,153802.0,142.44,3,24.52,49.88,1296.65,2.43
1601825994,1076617,101528.0,152956.0,143.11,3,24.52,49.9,1302.52,2.45
1601825997,1079618,101530.0,153237.0,143.22,3,24.53,49.86,1303.53,2.46
1601826000,1082618,101532.0,152816.0,143.78,3,24.53,49.86,1308.46,2.48
1601826003,1085618,101534.0,152258.0,144.8,3,24.53,49.86,1317.5,2.51
1601826006,1088618,101530.0,151981.0,145.81,3,24.53,49.86,1326.5,2.55
1601826009,1091617,101532.0,150882.0,147.78,3,24.53,49.87,1343.95,2.61
1601826012,1094618,101530.0,151981.0,147.83,3,24.54,49.86,1344.36,2.61
1601826015,1097617,101530.0,150067.0,150.06,3,24.55,49.86,1364.22,2.69
1601826018,1100617,101528.0,150745.0,150.81,3,24.54,49.87,1370.88,2.72
1601826021,1103617,101528.0,151155.0,150.82,3,24.55,49.87,1370.94,2.72
1601826024,1106617,101528.0,150745.0,151.29,3,24.55,49.89,1375.04,2.74
1601826027,1109617,101526.0,149933.0,152.54,3,24.55,49.91,1386.15,2.79
1601826030,1112618,101528.0,150745.0,152.42,3,24.56,49.9,1385.04,2.78
1601826033,1115618,101526.0,150473.0,152.66,3,24.55,49.9,1387.12,2.79
1601826036,1118617,101530.0,150473.0,152.81,3,24.55,49.9,1388.46,2.79
1601826039,1121617,101530.0,149129.0,154.49,3,24.55,49.88,1403.4,2.86
1601826042,1124618,101530.0,149933.0,154.68,3,24.56,49.88,1405.0,2.87
1601826045,1127618,101526.0,150067.0,154.63,3,24.56,49.89,1404.53,2.86
1601826048,1130617,101532.0,148730.0,156.16,3,24.57,49.85,1418.1,2.92
1601826051,1133618,101526.0,148730.0,157.2,3,24.56,49.9,1427.34,2.96
1601826054,1136618,101528.0,149530.0,156.97,3,24.56,49.89,1425.24,2.95
1601826057,1139618,101526.0,149798.0,156.49,3,24.56,49.88,1420.93,2.94
1601826060,1142618,101526.0,149262.0,156.75,3,24.56,49.94,1423.26,2.95
1601826063,1145618,101528.0,148465.0,157.82,3,24.55,50.12,1432.7,2.99
1601826066,1148618,101530.0,148333.0,158.66,3,24.56,50.13,1440.11,3.02
1601826069,1151617,101530.0,146639.0,161.22,3,24.56,50.14,1462.88,3.13
1601826072,1154617,101532.0,147677.0,161.7,3,24.56,50.17,1467.12,3.15
1601826075,1157617,101528.0,146897.0,162.92,3,24.57,50.14,1477.96,3.2
1601826078,1160618,101528.0,147026.0,163.58,3,24.56,50.19,1483.77,3.23
1601826081,1163618,101534.0,145870.0,165.38,3,24.57,50.17,1499.75,3.31
1601826084,1166618,101534.0,144857.0,167.78,3,24.59,50.16,1521.07,3.42
1601826087,1169618,101536.0,145235.0,168.94,3,24.59,50.16,1531.32,3.47
1601826090,1172618,101532.0,145742.0,169.09,3,24.59,50.14,1532.69,3.48
1601826093,1175618,101536.0,147286.0,167.32,3,24.59,50.12,1516.88,3.39
1601826096,1178618,101536.0,144983.0,168.84,3,24.59,50.16,1530.32,3.46
1601826099,1181617,101538.0,145870.0,168.75,3,24.59,50.25,1529.46,3.46
1601826102,1184618,101536.0,146382.0,168.05,3,24.57,50.29,1523.23,3.43
1601826105,1187618,101534.0,146125.0,167.87,3,24.57,50.26,1521.53,3.42
1601826108,1190618,101540.0,145870.0,168.04,3,24.57,50.21,1523.0,3.43
1601826111,1193618,101540.0,146253.0,167.66,3,24.57,50.22,1519.65,3.41
1601826114,1196618,101540.0,146382.0,167.23,3,24.57,50.22,1515.76,3.39
1601826117,1199617,101540.0,145109.0,168.44,3,24.58,50.2,1526.48,3.44
1601826120,1202618,101540.0,144983.0,169.4,3,24.58,50.22,1534.95,3.49
1601826123,1205618,101540.0,144231.0,170.93,3,24.59,50.22,1548.56,3.56
1601826126,1208617,101538.0,144356.0,171.79,3,24.6,50.23,1556.14,3.6
1601826129,1211618,101538.0,144481.0,172.2,3,24.59,50.28,1559.76,3.62
1601826132,1214618,101534.0,143363.0,173.84,3,24.59,50.25,1574.26,3.7
1601826135,1217618,101538.0,143240.0,175.08,3,24.6,50.23,1585.28,3.76
1601826138,1220617,101534.0,143858.0,175.16,3,24.59,50.26,1585.96,3.77
1601826141,1223618,101540.0,143240.0,175.94,3,24.6,50.25,1592.83,3.81
1601826144,1226617,101542.0,143487.0,176.14,3,24.6,50.28,1594.56,3.82
1601826147,1229618,101540.0,142506.0,177.45,3,24.6,50.3,1606.17,3.88
1601826150,1232618,101542.0,142142.0,178.76,3,24.6,50.36,1617.76,3.95
1601826153,1235618,101542.0,141660.0,180.23,3,24.6,50.35,1630.8,4.03
1601826156,1238617,101540.0,142628.0,180.01,3,24.6,50.35,1628.83,4.02
1601826159,1241618,101538.0,142142.0,180.44,3,24.6,50.36,1632.55,4.04
1601826162,1244618,101538.0,140704.0,182.48,3,24.6,50.4,1650.67,4.15
1601826165,1247618,101536.0,140467.0,184.13,3,24.61,50.41,1665.31,4.25
1601826168,1250618,101540.0,139761.0,186.11,3,24.62,50.41,1682.82,4.36
1601826171,1253617,101538.0,140823.0,186.1,3,24.62,50.41,1682.7,4.36
1601826174,1256617,101538.0,140467.0,186.51,3,24.62,50.4,1686.31,4.38
1601826177,1259618,101540.0,140231.0,187.04,3,24.64,50.35,1690.96,4.42
1601826180,1262617,101542.0,139761.0,187.96,3,24.65,50.32,1699.1,4.47
1601826183,1265618,101542.0,140113.0,188.13,3,24.64,50.35,1700.58,4.48
1601826186,1268617,101544.0,139528.0,188.94,3,24.65,50.36,1707.7,4.53
1601826189,1271618,101544.0,138716.0,190.52,3,24.64,50.34,1721.74,4.63
1601826192,1274617,101546.0,139761.0,190.26,3,24.63,50.42,1719.34,4.61
1601826195,1277617,101546.0,139761.0,190.05,3,24.63,50.43,1717.41,4.6
1601826198,1280617,101548.0,139295.0,190.47,3,24.62,50.47,1721.12,4.62
1601826201,1283617,101548.0,139761.0,190.15,3,24.62,50.46,1718.25,4.6
1601826204,1286618,101548.0,139761.0,189.92,3,24.61,50.5,1716.1,4.59
1601826207,1289617,101546.0,140231.0,189.11,3,24.63,50.46,1708.9,4.54
1601826210,1292617,101544.0,138831.0,190.32,3,24.61,50.52,1719.6,4.61
1601826213,1295617,101542.0,139878.0,189.78,3,24.63,50.48,1714.77,4.58
1601826216,1298618,101544.0,139761.0,189.54,3,24.62,50.51,1712.57,4.56
1601826219,1301617,101542.0,139761.0,189.35,3,24.62,50.51,1710.87,4.55
1601826222,1304617,101542.0,139411.0,189.63,3,24.63,50.5,1713.25,4.57
1601826225,1307617,101544.0,139295.0,189.95,3,24.63,50.48,1716.05,4.59
1601826228,1310617,101544.0,139295.0,190.16,3,24.62,50.49,1717.92,4.6
1601826231,1313618,101546.0,138831.0,190.88,3,24.61,50.56,1724.24,4.64
1601826234,1316618,101548.0,139063.0,191.08,3,24.59,50.6,1726.01,4.66
1601826237,1319617,101548.0,138831.0,191.5,3,24.59,50.6,1729.68,4.68
1601826240,1322617,101546.0,137913.0,192.93,3,24.6,50.59,1742.31,4.77
1601826243,1325617,101548.0,138600.0,193.03,3,24.59,50.6,1743.19,4.78
1601826246,1328617,101548.0,139528.0,191.93,3,24.58,50.61,1733.31,4.71
1601826249,1331618,101548.0,138371.0,192.61,3,24.58,50.65,1739.31,4.75
1601826252,1334618,101550.0,138831.0,192.48,3,24.57,50.7,1738.08,4.74
1601826255,1337618,101548.0,137799.0,193.66,3,24.59,50.67,1748.51,4.82
1601826258,1340617,101548.0,138142.0,194.0,3,24.58,50.73,1751.56,4.84
1601826261,1343617,101548.0,138027.0,194.37,3,24.57,50.78,1754.75,4.86
1601826264,1346617,101542.0,138485.0,194.02,3,24.56,50.81,1751.6,4.84
1601826267,1349618,101546.0,138831.0,193.33,3,24.55,50.83,1745.42,4.79
1601826270,1352617,101544.0,138256.0,193.56,3,24.55,50.84,1747.44,4.81
1601826273,1355617,101546.0,138485.0,193.41,3,24.54,50.88,1746.07,4.8
1601826276,1358618,101550.0,138256.0,193.57,3,24.55,50.87,1747.38,4.81
1601826279,1361618,101548.0,138371.0,193.48,3,24.56,50.87,1746.56,4.8
1601826282,1364617,101546.0,138600.0,193.13,3,24.55,50.87,1743.35,4.78
1601826285,1367617,101546.0,138371.0,193.14,3,24.56,50.85,1743.4,4.78
1601826288,1370618,101548.0,137459.0,194.3,3,24.55,50.87,1753.7,4.85
1601826291,1373618,101550.0,137913.0,194.53,3,24.55,50.8,1755.68,4.87
1601826294,1376618,101550.0,139996.0,192.04,3,24.55,50.78,1733.5,4.71
1601826297,1379617,101548.0,139996.0,190.33,3,24.55,50.73,1718.27,4.6
1601826300,1382617,101548.0,138600.0,190.92,3,24.55,50.73,1723.45,4.64
1601826303,1385617,101548.0,139528.0,190.14,3,24.55,50.74,1716.48,4.59
1601826306,1388618,101546.0,139761.0,189.29,3,24.56,50.73,1708.85,4.54
1601826309,1391617,101544.0,138371.0,190.45,3,24.57,50.69,1719.17,4.61
1601826312,1394618,101550.0,138485.0,191.1,3,24.58,50.66,1724.84,4.65
1601826315,1397618,101546.0,139878.0,189.78,3,24.56,50.72,1713.13,4.57
1601826318,1400618,101550.0,138600.0,190.48,3,24.58,50.65,1719.29,4.61
1601826321,1403617,101548.0,139295.0,190.06,3,24.59,50.64,1715.5,4.58
1601826324,1406618,101550.0,139644.0,189.35,3,24.57,50.67,1709.14,4.54
1601826327,1409617,101548.0,139996.0,188.44,3,24.55,50.7,1701.05,4.48
1601826330,1412617,101546.0,140113.0,187.69,3,24.54,50.71,1694.31,4.44
1601826333,1415618,101546.0,140467.0,186.73,3,24.54,50.71,1685.75,4.38
1601826336,1418618,101546.0,141419.0,184.9,3,24.54,50.66,1669.44,4.27
1601826339,1421617,101546.0,142506.0,182.33,3,24.53,50.61,1646.61,4.13
1601826342,1424618,101548.0,143117.0,179.85,3,24.53,50.56,1624.49,3.99
1601826345,1427617,101548.0,142872.0,178.45,3,24.54,50.53,1612.02,3.92
1601826348,1430618,101550.0,143734.0,176.43,3,24.56,50.46,1594.02,3.81
1601826351,1433618,101546.0,142628.0,176.44,3,24.56,50.39,1594.14,3.81
1601826354,1436617,101548.0,143858.0,174.99,3,24.57,50.28,1581.15,3.74
1601826357,1439618,101546.0,144106.0,173.72,3,24.57,50.24,1569.9,3.68
1601826360,1442618,101544.0,143734.0,173.37,3,24.57,50.19,1566.68,3.66
1601826363,1445618,101542.0,144606.0,172.07,3,24.58,50.19,1555.12,3.6
1601826366,1448618,101542.0,145235.0,170.47,3,24.57,50.18,1540.88,3.52
1601826369,1451617,101544.0,145870.0,168.63,3,24.58,50.13,1524.51,3.43
1601826372,1454618,101546.0,144481.0,169.09,3,24.59,50.07,1528.58,3.45
1601826375,1457618,101546.0,145615.0,168.05,3,24.6,50.07,1519.28,3.41
1601826378,1460617,101548.0,145235.0,167.83,3,24.6,50.06,1517.3,3.4
1601826381,1463618,101550.0,145488.0,167.43,3,24.59,50.05,1513.69,3.38
1601826384,1466618,101550.0,147156.0,165.2,3,24.58,50.05,1493.83,3.28
1601826387,1469618,101546.0,146125.0,164.95,3,24.59,49.97,1491.6,3.27
1601826390,1472618,101551.0,146897.0,163.88,3,24.6,49.94,1482.08,3.22
1601826393,1475618,101550.0,146382.0,163.82,3,24.59,49.97,1481.45,3.22
1601826396,1478618,101548.0,146125.0,164.11,3,24.59,49.99,1484.04,3.23
1601826399,1481618,101551.0,146639.0,163.73,3,24.59,50.0,1480.57,3.21
1601826402,1484617,101548.0,146382.0,163.79,3,24.59,50.03,1481.11,3.22
1601826405,1487618,101550.0,146253.0,164.03,3,24.57,50.11,1483.19,3.23
1601826408,1490618,101548.0,146639.0,163.78,3,24.56,50.1,1480.89,3.21
1601826411,1493618,101550.0,146897.0,163.33,3,24.55,50.13,1476.85,3.19
1601826414,1496617,101550.0,146768.0,163.2,3,24.55,50.14,1475.66,3.19
1601826417,1499618,101548.0,146510.0,163.45,3,24.55,50.12,1477.85,3.2
1601826420,1502618,101546.0,146897.0,163.19,3,24.54,50.14,1475.54,3.19
1601826423,1505618,101544.0,147026.0,162.87,3,24.55,50.12,1472.65,3.17
1601826426,1508618,101542.0,147026.0,162.68,3,24.54,50.17,1470.86,3.17
1601826429,1511617,101544.0,146897.0,162.72,3,24.55,50.1,1471.19,3.17
1601826432,1514617,101546.0,147156.0,162.46,3,24.56,50.06,1468.8,3.16
1601826435,1517617,101546.0,147156.0,162.3,3,24.56,50.05,1467.35,3.15
1601826438,1520618,101546.0,146768.0,162.68,3,24.55,50.09,1470.71,3.16
1601826441,1523617,101548.0,146897.0,162.81,3,24.55,50.07,1471.86,3.17
1601826444,1526618,101548.0,145109.0,165.07,3,24.56,50.08,1491.8,3.27
1601826447,1529617,101548.0,144983.0,166.77,3,24.56,50.13,1506.88,3.34
1601826450,1532617,101546.0,144983.0,167.96,3,24.56,50.13,1517.32,3.4
1601826453,1535618,101548.0,144106.0,169.85,3,24.56,50.15,1534.02,3.48
1601826456,1538617,101548.0,145109.0,169.93,3,24.55,50.19,1534.74,3.49
1601826459,1541618,101550.0,143610.0,171.82,3,24.56,50.18,1551.42,3.58
1601826462,1544617,101555.0,143117.0,173.69,3,24.58,50.17,1567.97,3.67
1601826465,1547618,101548.0,142872.0,175.28,3,24.57,50.22,1582.01,3.74
1601826468,1550618,101553.0,143982.0,175.0,3,24.58,50.19,1579.45,3.73
1601826471,1553617,101553.0,142628.0,176.46,3,24.59,50.15,1592.4,3.8
1601826474,1556617,101553.0,144106.0,175.65,3,24.57,50.23,1585.19,3.76
1601826477,1559618,101546.0,142995.0,176.47,3,24.56,50.27,1592.35,3.8
1601826480,1562617,101550.0,142506.0,177.62,3,24.56,50.28,1602.57,3.86
1601826483,1565618,101550.0,142021.0,179.0,3,24.56,50.34,1614.69,3.93
1601826486,1568617,101548.0,142263.0,179.62,3,24.56,50.38,1620.12,3.97
1601826489,1571617,101546.0,141419.0,181.07,3,24.57,50.36,1632.92,4.04
1601826492,1574617,101546.0,141419.0,182.05,3,24.56,50.4,1641.63,4.1
1601826495,1577617,101550.0,141061.0,183.14,3,24.58,50.35,1651.24,4.16
1601826498,1580617,101550.0,141539.0,183.28,3,24.59,50.31,1652.35,4.16
1601826501,1583618,101551.0,141061.0,183.92,3,24.61,50.28,1658.01,4.2
1601826504,1586618,101551.0,140823.0,184.67,3,24.59,50.33,1664.56,4.24
1601826507,1589618,101551.0,140231.0,185.91,3,24.59,50.34,1675.52,4.31
1601826510,1592617,101550.0,139644.0,187.48,3,24.6,50.32,1689.36,4.4
1601826513,1595618,101550.0,139996.0,188.09,3,24.6,50.34,1694.76,4.44
1601826516,1598617,101551.0,139761.0,188.79,3,24.6,50.35,1700.89,4.48
1601826519,1601617,101550.0,139644.0,189.4,3,24.58,50.45,1706.3,4.52
1601826522,1604618,101548.0,140231.0,189.08,3,24.57,50.47,1703.38,4.5
1601826525,1607618,101551.0,139878.0,189.27,3,24.59,50.41,1705.0,4.51
1601826528,1610617,101550.0,139644.0,189.68,3,24.59,50.42,1708.55,4.53
1601826531,1613618,101551.0,140231.0,189.21,3,24.57,50.49,1704.35,4.51
1601826534,1616618,101548.0,139761.0,189.46,3,24.56,50.56,1706.5,4.52
1601826537,1619618,101548.0,139878.0,189.46,3,24.56,50.57,1706.46,4.52
1601826540,1622618,101551.0,139528.0,189.87,3,24.57,50.53,1710.1,4.54
1601826543,1625618,101546.0,141660.0,187.47,3,24.57,50.49,1688.78,4.4
1601826546,1628617,101550.0,140942.0,186.74,3,24.55,50.5,1682.25,4.36
1601826549,1631617,101553.0,141539.0,185.45,3,24.57,50.46,1670.81,4.28
1601826552,1634617,101555.0,141780.0,184.25,3,24.57,50.47,1660.1,4.21
1601826555,1637617,101555.0,141180.0,184.16,3,24.59,50.37,1659.25,4.21
1601826558,1640617,101553.0,142872.0,182.01,3,24.57,50.39,1640.18,4.09
1601826561,1643617,101550.0,143610.0,179.64,3,24.56,50.37,1619.17,3.96
1601826564,1646617,101553.0,143610.0,178.01,3,24.58,50.29,1604.66,3.88
1601826567,1649617,101555.0,142995.0,177.64,3,24.59,50.26,1601.33,3.86
1601826570,1652618,101555.0,143982.0,176.21,3,24.57,50.27,1588.61,3.78
1601826573,1655617,101551.0,145615.0,173.24,3,24.57,50.26,1562.26,3.63
1601826576,1658618,101555.0,145109.0,171.83,3,24.57,50.22,1549.78,3.57
1601826579,1661618,101553.0,145109.0,170.88,3,24.57,50.2,1541.36,3.52
1601826582,1664618,101555.0,146125.0,169.01,3,24.57,50.21,1524.7,3.43
1601826585,1667618,101555.0,145997.0,167.89,3,24.57,50.19,1514.78,3.38
1601826588,1670618,101553.0,146125.0,167.0,3,24.56,50.21,1506.82,3.34
1601826591,1673618,101553.0,146639.0,165.8,3,24.55,50.19,1496.18,3.29
1601826594,1676618,101555.0,147416.0,164.06,3,24.55,50.2,1480.72,3.21
1601826597,1679618,101553.0,146897.0,163.48,3,24.56,50.2,1475.57,3.19
1601826600,1682618,101553.0,147026.0,162.94,3,24.56,50.21,1470.71,3.16
1601826603,1685617,101553.0,146382.0,163.35,3,24.55,50.26,1474.34,3.18
1601826606,1688618,101555.0,146639.0,163.35,3,24.55,50.24,1474.23,3.18
1601826609,1691618,101553.0,147156.0,162.72,3,24.55,50.26,1468.64,3.16
1601826612,1694617,101555.0,145870.0,163.88,3,24.53,50.28,1478.9,3.2
1601826615,1697618,101553.0,146897.0,163.43,3,24.54,50.29,1474.86,3.18
1601826618,1700618,101551.0,147286.0,162.69,3,24.52,50.32,1468.24,3.15
1601826621,1703618,101555.0,146510.0,163.13,3,24.52,50.31,1472.05,3.17
1601826624,1706617,101557.0,145742.0,164.37,3,24.52,50.32,1482.99,3.22
1601826627,1709618,101557.0,146253.0,164.6,3,24.52,50.33,1485.03,3.23
1601826630,1712617,101555.0,145488.0,165.7,3,24.52,50.34,1494.69,3.28
1601826633,1715617,101557.0,144983.0,167.05,3,24.53,50.35,1506.62,3.34
1601826636,1718618,101557.0,144356.0,168.74,3,24.54,50.34,1521.46,3.42
1601826639,1721618,101553.0,143734.0,170.64,3,24.55,50.33,1538.28,3.51
1601826642,1724618,101555.0,142995.0,172.86,3,24.56,50.3,1557.84,3.61
1601826645,1727617,101553.0,142628.0,174.84,3,24.55,50.35,1575.3,3.71
1601826648,1730618,101553.0,143487.0,175.14,3,24.54,50.37,1577.96,3.72
1601826651,1733618,101553.0,143117.0,175.81,3,24.53,50.41,1583.84,3.76
1601826654,1736617,101551.0,142872.0,176.57,3,24.53,50.43,1590.47,3.79
1601826657,1739618,101550.0,142263.0,177.81,3,24.53,50.5,1601.41,3.86
1601826660,1742617,101550.0,143858.0,176.69,3,24.52,50.51,1591.48,3.8
1601826663,1745617,101548.0,143610.0,176.21,3,24.52,50.53,1587.19,3.77
1601826666,1748617,101551.0,142628.0,177.07,3,24.53,50.51,1594.72,3.82
1601826669,1751618,101550.0,143363.0,176.73,3,24.53,50.53,1591.69,3.8
1601826672,1754618,101550.0,142385.0,177.7,3,24.52,50.57,1600.2,3.85
1601826675,1757617,101551.0,142628.0,178.03,3,24.53,50.57,1603.07,3.87
1601826678,1760618,101550.0,142872.0,177.93,3,24.53,50.59,1602.13,3.86
1601826681,1763618,101553.0,142872.0,177.84,3,24.52,50.64,1601.31,3.86
1601826684,1766617,101553.0,142142.0,178.67,3,24.51,50.69,1608.59,3.9
1601826687,1769618,101557.0,141300.0,180.26,3,24.51,50.73,1622.6,3.98
1601826690,1772617,101553.0,141901.0,180.57,3,24.51,50.74,1625.3,4.0
1601826693,1775617,101553.0,142385.0,180.15,3,24.51,50.77,1621.51,3.98
1601826696,1778617,101555.0,140942.0,181.64,3,24.5,50.81,1634.66,4.06
1601826699,1781618,101555.0,142021.0,181.3,3,24.5,50.79,1631.57,4.04
1601826702,1784617,101555.0,142263.0,180.73,3,24.5,50.8,1626.54,4.01
1601826705,1787617,101557.0,141061.0,181.82,3,24.5,50.81,1636.1,4.06
1601826708,1790617,101555.0,142263.0,181.03,3,24.51,50.78,1629.08,4.02
1601826711,1793617,101559.0,142021.0,180.76,3,24.51,50.78,1626.68,4.01
1601826714,1796617,101559.0,142021.0,180.54,3,24.52,50.77,1624.67,3.99
1601826717,1799618,101559.0,141539.0,180.97,3,24.52,50.78,1628.39,4.02
1601826720,1802617,101557.0,141180.0,181.7,3,24.52,50.75,1634.8,4.06
1601826723,1805617,101559.0,140231.0,183.35,3,24.54,50.72,1649.36,4.15
1601826726,1808618,101557.0,140942.0,183.56,3,24.55,50.71,1651.11,4.16
1601826729,1811618,101557.0,140586.0,184.11,3,24.56,50.7,1655.94,4.19
1601826732,1814617,101557.0,140823.0,184.2,3,24.54,50.73,1656.66,4.19
1601826735,1817618,101555.0,140942.0,184.09,3,24.54,50.72,1655.68,4.19
1601826738,1820618,101555.0,139878.0,185.36,3,24.54,50.7,1666.8,4.26
1601826741,1823617,101555.0,140586.0,185.34,3,24.52,50.74,1666.64,4.26
1601826744,1826618,101555.0,139996.0,186.06,3,24.52,50.78,1672.87,4.3
1601826747,1829618,101555.0,139295.0,187.42,3,24.53,50.74,1684.87,4.37
1601826750,1832618,101555.0,138831.0,188.91,3,24.55,50.7,1698.03,4.46
1601826753,1835618,101557.0,139878.0,188.6,3,24.55,50.67,1695.25,4.44
1601826756,1838617,101557.0,139761.0,188.52,3,24.56,50.65,1694.44,4.44
1601826759,1841618,101555.0,139411.0,188.88,3,24.56,50.68,1697.6,4.46
1601826762,1844618,101553.0,139063.0,189.54,3,24.57,50.68,1703.4,4.5
1601826765,1847618,101557.0,139178.0,189.82,3,24.58,50.66,1705.82,4.52
1601826768,1850618,101557.0,138831.0,190.45,3,24.58,50.63,1711.35,4.55
1601826771,1853618,101559.0,139761.0,189.7,3,24.59,50.57,1704.62,4.51
1601826774,1856618,101559.0,139644.0,189.33,3,24.59,50.53,1701.36,4.49
1601826777,1859617,101559.0,139761.0,188.92,3,24.6,50.51,1697.65,4.46
1601826780,1862617,101559.0,139411.0,189.08,3,24.6,50.5,1699.0,4.47
1601826783,1865617,101559.0,139644.0,188.88,3,24.59,50.58,1697.19,4.46
1601826786,1868617,101557.0,139063.0,189.49,3,24.58,50.6,1702.54,4.49
1601826789,1871617,101557.0,140586.0,187.97,3,24.58,50.61,1689.06,4.4
1601826792,1874617,101553.0,140467.0,187.09,3,24.56,50.64,1681.27,4.35
1601826795,1877618,101555.0,140349.0,186.66,3,24.54,50.69,1677.39,4.33
1601826798,1880617,101557.0,141061.0,185.48,3,24.52,50.74,1666.94,4.26
1601826801,1883618,101557.0,139996.0,185.98,3,24.54,50.73,1671.32,4.29
1601826804,1886617,101557.0,140942.0,185.13,3,24.54,50.73,1663.7,4.24
1601826807,1889617,101557.0,140349.0,185.31,3,24.52,50.76,1665.25,4.25
1601826810,1892617,101557.0,141419.0,184.1,3,24.51,50.76,1654.55,4.18
1601826813,1895618,101559.0,142142.0,182.36,3,24.52,50.71,1639.17,4.08
1601826816,1898617,101557.0,142142.0,181.17,3,24.52,50.71,1628.56,4.02
1601826819,1901617,101559.0,142021.0,180.5,3,24.51,50.76,1622.6,3.98
1601826822,1904618,101557.0,143734.0,177.91,3,24.52,50.69,1599.71,3.85
1601826825,1907618,101559.0,142872.0,177.22,3,24.52,50.63,1593.61,3.81
1601826828,1910617,101557.0,143982.0,175.39,3,24.52,50.62,1577.37,3.72
1601826831,1913617,101559.0,143487.0,174.73,3,24.54,50.55,1571.53,3.69
1601826834,1916617,101557.0,143734.0,174.0,3,24.54,50.5,1565.04,3.65
1601826837,1919617,101557.0,143363.0,173.98,3,24.54,50.47,1564.83,3.65
1601826840,1922617,101561.0,143858.0,173.37,3,24.55,50.44,1559.35,3.62
1601826843,1925617,101559.0,143734.0,173.12,3,24.55,50.41,1557.15,3.61
1601826846,1928618,101561.0,145235.0,171.14,3,24.55,50.37,1539.62,3.51
1601826849,1931618,101557.0,144983.0,170.13,3,24.54,50.37,1530.66,3.47
1601826852,1934617,101559.0,145742.0,168.53,3,24.54,50.36,1516.5,3.39
1601826855,1937618,101557.0,145997.0,167.15,3,24.54,50.36,1504.24,3.33
1601826858,1940618,101559.0,145109.0,167.3,3,24.54,50.37,1505.51,3.34
1601826861,1943617,101557.0,146382.0,165.86,3,24.55,50.35,1492.77,3.27
1601826864,1946617,101557.0,144857.0,166.75,3,24.54,50.38,1500.63,3.31
1601826867,1949618,101557.0,145870.0,166.14,3,24.55,50.35,1495.19,3.28
1601826870,1952617,101557.0,146253.0,165.26,3,24.56,50.32,1487.4,3.25
1601826873,1955617,101561.0,146639.0,164.21,3,24.57,50.27,1478.03,3.2
1601826876,1958618,101557.0,146768.0,163.35,3,24.56,50.29,1470.44,3.16
1601826879,1961618,101559.0,146897.0,162.63,3,24.56,50.28,1464.02,3.13
1601826882,1964617,101559.0,145615.0,163.71,3,24.56,50.27,1473.53,3.18
1601826885,1967617,101563.0,146768.0,163.07,3,24.58,50.18,1467.81,3.15
1601826888,1970618,101563.0,145109.0,164.66,3,24.58,50.21,1481.8,3.22
1601826891,1973618,101561.0,147416.0,162.99,3,24.56,50.26,1466.99,3.15
1601826894,1976617,101559.0,147156.0,162.18,3,24.55,50.27,1459.88,3.11
1601826897,1979618,101561.0,143734.0,165.63,3,24.6,50.53,1490.25,3.26
1601826900,1982618,101563.0,144606.0,166.78,3,24.59,50.91,1500.32,3.31
1601826903,1985617,101557.0,147026.0,164.63,3,24.56,50.89,1481.31,3.22
1601826906,1988618,101557.0,148202.0,161.75,3,24.56,50.74,1455.84,3.09
1601826909,1991617,101555.0,148070.0,159.97,3,24.54,50.64,1440.15,3.02
1601826912,1994618,101553.0,148598.0,158.15,3,24.54,50.52,1424.08,2.95
1601826915,1997618,101555.0,148202.0,157.4,3,24.54,50.46,1417.43,2.92
1601826918,2000618,101555.0,149798.0,155.01,3,24.54,50.42,1396.26,2.83
1601826921,2003618,101557.0,150473.0,152.58,3,24.54,50.38,1374.85,2.74
1601826924,2006618,101557.0,151155.0,150.18,3,24.51,50.41,1353.58,2.65
1601826927,2009617,101557.0,150882.0,148.89,3,24.5,50.39,1342.19,2.61
1601826930,2012618,101557.0,151705.0,147.09,3,24.49,50.37,1326.28,2.54
1601826933,2015618,101559.0,152537.0,144.92,3,24.48,50.39,1307.1,2.47
1601826936,2018618,101559.0,152537.0,143.47,3,24.46,50.44,1294.33,2.42
1601826939,2021618,101559.0,152258.0,142.86,3,24.45,50.43,1288.87,2.4
1601826942,2024618,101559.0,153096.0,141.49,3,24.45,50.43,1276.76,2.36
1601826945,2027617,101563.0,152956.0,140.72,3,24.46,50.41,1269.95,2.34
1601826948,2030618,101559.0,152258.0,141.07,3,24.43,50.47,1272.98,2.35
1601826951,2033618,101565.0,154228.0,139.06,3,24.43,50.44,1255.25,2.29
1601826954,2036617,101561.0,153378.0,138.68,3,24.43,50.45,1251.9,2.27
1601826957,2039617,101561.0,152537.0,139.42,3,24.43,50.46,1258.4,2.3
1601826960,2042617,101559.0,151843.0,140.75,3,24.45,50.41,1270.04,2.34
1601826963,2045618,101561.0,150609.0,143.11,3,24.46,50.42,1290.79,2.41
1601826966,2048618,101559.0,150882.0,144.42,3,24.46,50.43,1302.32,2.45
1601826969,2051617,101555.0,152258.0,143.77,3,24.43,50.46,1296.56,2.43
1601826972,2054618,101557.0,152537.0,143.03,3,24.44,50.37,1289.99,2.41
1601826975,2057617,101559.0,154657.0,140.1,3,24.43,50.39,1264.13,2.32
1601826978,2060617,101561.0,152956.0,140.08,3,24.42,50.42,1263.95,2.32
1601826981,2063618,101561.0,154514.0,138.27,3,24.43,50.41,1247.97,2.26
1601826984,2066618,101563.0,154371.0,137.21,3,24.42,50.46,1238.58,2.23
1601826987,2069617,101574.0,153944.0,137.02,3,24.41,50.44,1236.85,2.22
1601826990,2072617,101561.0,154657.0,136.06,3,24.43,50.38,1228.42,2.19
1601826993,2075618,101561.0,153096.0,137.22,3,24.44,50.36,1238.57,2.23
1601826996,2078617,101561.0,152397.0,138.84,3,24.45,50.33,1252.78,2.28
1601826999,2081617,101563.0,152258.0,140.1,3,24.47,50.29,1263.91,2.32
1601827002,2084618,101559.0,150609.0,142.91,3,24.48,50.29,1288.59,2.4
1601827005,2087618,101561.0,150473.0,145.02,3,24.48,50.27,1307.13,2.47
1601827008,2090618,101559.0,150882.0,146.01,3,24.47,50.3,1315.83,2.5
1601827011,2093618,101561.0,149664.0,148.13,3,24.48,50.29,1334.47,2.58
1601827014,2096618,101563.0,150067.0,149.11,3,24.49,50.28,1343.02,2.61
1601827017,2099618,101563.0,150882.0,148.83,3,24.48,50.3,1340.56,2.6
1601827020,2102618,101561.0,151705.0,147.69,3,24.47,50.33,1330.48,2.56
1601827023,2105618,101561.0,151155.0,147.58,3,24.45,50.38,1329.47,2.56
1601827026,2108618,101563.0,152397.0,146.07,3,24.44,50.41,1316.09,2.51
1601827029,2111617,101565.0,152676.0,144.71,3,24.44,50.39,1304.15,2.46
1601827032,2114618,101576.0,152816.0,143.64,3,24.43,50.42,1294.64,2.43
1601827035,2117617,101563.0,151843.0,144.04,3,24.43,50.43,1298.15,2.44
1601827038,2120617,101565.0,152397.0,143.67,3,24.44,50.4,1294.83,2.43
1601827041,2123618,101565.0,152397.0,143.42,3,24.44,50.4,1292.6,2.42
1601827044,2126618,101565.0,152119.0,143.57,3,24.44,50.43,1293.87,2.42
1601827047,2129617,101565.0,151981.0,143.82,3,24.45,50.41,1296.06,2.43
1601827050,2132618,101563.0,149530.0,146.89,3,24.45,50.42,1323.03,2.53
1601827053,2135618,101563.0,151429.0,146.76,3,24.44,50.46,1321.86,2.53
1601827056,2138617,101561.0,151429.0,146.67,3,24.44,50.46,1321.02,2.52
1601827059,2141617,101559.0,148730.0,149.78,3,24.46,50.43,1348.38,2.63
1601827062,2144617,101555.0,150609.0,149.68,3,24.45,50.49,1347.47,2.63
1601827065,2147618,101557.0,151155.0,148.98,3,24.44,50.52,1341.18,2.6
1601827068,2150617,101559.0,150338.0,149.47,3,24.42,50.55,1345.52,2.62
1601827071,2153618,101561.0,149396.0,150.94,3,24.42,50.52,1358.44,2.67
1601827074,2156618,101563.0,150745.0,150.34,3,24.42,50.56,1353.12,2.65
1601827077,2159617,101563.0,150338.0,150.43,3,24.41,50.56,1353.83,2.65
1601827080,2162618,101565.0,148730.0,152.39,3,24.42,50.55,1371.01,2.72
1601827083,2165618,101563.0,147677.0,154.98,3,24.42,50.6,1393.78,2.82
1601827086,2168618,101563.0,148465.0,155.81,3,24.41,50.63,1401.09,2.85
1601827089,2171617,101561.0,148863.0,155.93,3,24.4,50.61,1402.11,2.85
1601827092,2174617,101561.0,150338.0,154.24,3,24.41,50.59,1387.21,2.79
1601827095,2177617,101555.0,149530.0,154.05,3,24.39,50.65,1385.48,2.78
1601827098,2180617,101559.0,147939.0,155.81,3,24.38,50.74,1400.91,2.85
1601827101,2183617,101565.0,147677.0,157.29,3,24.39,50.79,1413.88,2.9
1601827104,2186618,101559.0,146639.0,159.53,3,24.39,50.83,1433.56,2.99
1601827107,2189617,101563.0,145997.0,161.81,3,24.4,50.85,1453.55,3.08
1601827110,2192618,101561.0,145742.0,163.65,3,24.39,50.92,1469.74,3.16
1601827113,2195618,101557.0,145615.0,165.03,3,24.41,50.87,1481.8,3.22
1601827116,2198617,101555.0,143982.0,167.93,3,24.43,50.85,1507.25,3.34
1601827119,2201618,101553.0,144606.0,169.12,3,24.42,50.9,1517.69,3.4
1601827122,2204617,101553.0,143363.0,171.47,3,24.42,50.85,1538.29,3.51
1601827125,2207617,101555.0,144857.0,171.2,3,24.43,50.83,1535.89,3.49
1601827128,2210618,101557.0,142995.0,173.27,3,24.44,50.84,1554.08,3.59
1601827131,2213617,101559.0,143117.0,174.49,3,24.46,50.8,1564.77,3.65
1601827134,2216617,101559.0,143487.0,174.85,3,24.44,50.89,1567.85,3.67
1601827137,2219618,101557.0,143117.0,175.54,3,24.43,50.91,1573.87,3.7
1601827140,2222618,101557.0,143610.0,175.38,3,24.42,50.95,1572.41,3.69
1601827143,2225618,101559.0,142872.0,176.14,3,24.42,51.0,1579.05,3.73
1601827146,2228617,101555.0,142142.0,177.54,3,24.42,51.02,1591.32,3.8
1601827149,2231618,101553.0,142750.0,177.7,3,24.43,50.99,1592.73,3.81
1601827152,2234618,101555.0,142142.0,178.52,3,24.44,50.99,1599.92,3.85
1601827155,2237617,101555.0,141061.0,180.43,3,24.42,51.06,1616.66,3.95
1601827158,2240618,101557.0,141419.0,181.27,3,24.42,51.06,1623.95,3.99
1601827161,2243618,101559.0,141180.0,182.12,3,24.41,51.09,1631.42,4.04
1601827164,2246618,101557.0,142021.0,181.61,3,24.41,51.13,1626.87,4.01
1601827167,2249618,101559.0,141660.0,181.68,3,24.41,51.12,1627.44,4.01
1601827170,2252618,101555.0,140942.0,182.62,3,24.39,51.2,1635.64,4.06
1601827173,2255618,101557.0,140942.0,183.24,3,24.39,51.2,1641.03,4.09
1601827176,2258618,101559.0,140349.0,184.39,3,24.39,51.2,1651.09,4.16
1601827179,2261617,101561.0,140704.0,184.71,3,24.38,51.22,1653.89,4.17
1601827182,2264617,101559.0,141901.0,183.4,3,24.38,51.24,1642.26,4.1
1601827185,2267617,101559.0,141061.0,183.52,3,24.38,51.24,1643.28,4.11
1601827188,2270618,101557.0,140942.0,183.72,3,24.38,51.25,1645.03,4.12
1601827191,2273618,101559.0,141419.0,183.24,3,24.38,51.25,1640.71,4.09
1601827194,2276617,101557.0,140231.0,184.39,3,24.37,51.3,1650.74,4.15
1601827197,2279618,101555.0,140704.0,184.54,3,24.37,51.32,1652.06,4.16
1601827200,2282618,101553.0,139528.0,186.11,3,24.37,51.33,1665.83,4.25
1601827203,2285617,101555.0,139761.0,186.84,3,24.38,51.36,1672.19,4.29
1601827206,2288617,101555.0,139178.0,188.06,3,24.38,51.36,1682.83,4.36
1601827209,2291617,101553.0,139295.0,188.71,3,24.39,51.32,1688.49,4.4
1601827212,2294618,101559.0,138947.0,189.57,3,24.4,51.28,1696.03,4.45
1601827215,2297618,101557.0,139063.0,189.99,3,24.4,51.29,1699.64,4.47
1601827218,2300618,101551.0,139178.0,190.12,3,24.39,51.3,1700.72,4.48
1601827221,2303617,101555.0,139063.0,190.31,3,24.4,51.32,1702.32,4.49
1601827224,2306618,101555.0,139411.0,189.97,3,24.4,51.31,1699.29,4.47
1601827227,2309618,101553.0,140113.0,188.82,3,24.39,51.33,1689.2,4.4
1601827230,2312618,101559.0,139996.0,188.15,3,24.4,51.3,1683.27,4.36
1601827233,2315618,101557.0,138947.0,189.01,3,24.4,51.32,1690.71,4.41
1601827236,2318618,101555.0,139528.0,188.81,3,24.41,51.32,1688.92,4.4
1601827239,2321617,101553.0,139295.0,188.94,3,24.42,51.27,1690.07,4.41
1601827242,2324618,101555.0,138947.0,189.45,3,24.42,51.3,1694.47,4.44
1601827245,2327617,101555.0,138027.0,190.98,3,24.41,51.31,1707.85,4.53
1601827248,2330618,101555.0,138716.0,191.11,3,24.41,51.34,1708.97,4.54
1601827251,2333617,101557.0,137686.0,192.5,3,24.41,51.38,1721.12,4.62
1601827254,2336617,101557.0,137913.0,193.12,3,24.41,51.41,1726.55,4.66
1601827257,2339618,101557.0,137572.0,193.97,3,24.41,51.42,1733.9,4.71
1601827260,2342618,101559.0,138371.0,193.48,3,24.42,51.39,1729.56,4.68
1601827263,2345617,101561.0,139063.0,192.24,3,24.42,51.36,1718.62,4.6
1601827266,2348618,101557.0,138485.0,192.12,3,24.41,51.38,1717.55,4.6
1601827269,2351618,101557.0,138027.0,192.61,3,24.42,51.33,1721.8,4.63
1601827272,2354618,101559.0,138831.0,191.9,3,24.43,51.27,1715.51,4.58
1601827275,2357618,101555.0,139063.0,191.11,3,24.42,51.3,1708.52,4.53
1601827278,2360618,101557.0,139996.0,189.38,3,24.41,51.3,1693.27,4.43
1601827281,2363618,101553.0,139528.0,188.78,3,24.4,51.34,1687.99,4.4
1601827284,2366618,101551.0,141061.0,186.43,3,24.4,51.29,1667.29,4.26
1601827287,2369618,101553.0,140467.0,185.59,3,24.39,51.29,1659.81,4.21
1601827290,2372618,101550.0,141300.0,183.95,3,24.41,51.19,1645.37,4.12
1601827293,2375618,101550.0,142506.0,181.31,3,24.42,51.12,1622.15,3.98
1601827296,2378618,101546.0,143363.0,178.47,3,24.41,51.07,1597.15,3.83
1601827299,2381618,101551.0,144106.0,175.61,3,24.42,50.99,1572.06,3.69
1601827302,2384617,101551.0,144857.0,172.78,3,24.41,50.94,1547.14,3.55
1601827305,2387618,101553.0,144231.0,171.66,3,24.4,50.91,1537.28,3.5
1601827308,2390618,101555.0,144983.0,170.01,3,24.4,50.87,1522.74,3.42
1601827311,2393617,101553.0,145870.0,167.84,3,24.4,50.8,1503.69,3.33
1601827314,2396618,101553.0,145109.0,167.32,3,24.42,50.7,1499.09,3.3
1601827317,2399618,101551.0,145109.0,166.99,3,24.43,50.69,1496.13,3.29
1601827320,2402617,101551.0,143734.0,168.51,3,24.43,50.68,1509.4,3.36
1601827323,2405617,101548.0,143240.0,170.16,3,24.44,50.73,1523.89,3.43
1601827326,2408618,101546.0,144481.0,169.77,3,24.44,50.79,1520.39,3.41
1601827329,2411618,101550.0,145361.0,168.46,3,24.44,50.73,1508.84,3.35
1601827332,2414618,101550.0,145870.0,167.0,3,24.43,50.68,1495.96,3.29
1601827335,2417617,101550.0,146768.0,164.93,3,24.44,50.61,1477.82,3.2
1601827338,2420617,101551.0,146125.0,164.33,3,24.44,50.62,1472.47,3.17
1601827341,2423618,101550.0,146382.0,163.66,3,24.43,50.61,1466.51,3.14
1601827344,2426617,101550.0,147416.0,161.99,3,24.43,50.56,1451.85,3.08
1601827347,2429617,101551.0,148465.0,159.64,3,24.42,50.55,1431.22,2.98
1601827350,2432617,101553.0,149933.0,156.33,3,24.42,50.49,1402.13,2.85
1601827353,2435618,101550.0,148333.0,156.05,3,24.41,50.44,1399.66,2.84
1601827356,2438618,101550.0,149262.0,154.81,3,24.4,50.47,1388.71,2.8
1601827359,2441617,101555.0,148996.0,154.31,3,24.4,50.5,1384.3,2.78
1601827362,2444618,101553.0,147286.0,156.06,3,24.41,50.49,1399.6,2.84
1601827365,2447618,101555.0,146768.0,157.92,3,24.41,50.53,1415.86,2.91
1601827368,2450618,101553.0,148598.0,157.0,3,24.41,50.57,1407.76,2.88
1601827371,2453617,101553.0,148730.0,156.28,3,24.4,50.51,1401.43,2.85
1601827374,2456617,101555.0,149530.0,154.89,3,24.4,50.44,1389.21,2.8
1601827377,2459617,101557.0,149664.0,153.84,3,24.39,50.44,1379.92,2.76
1601827380,2462618,101559.0,150338.0,152.37,3,24.39,50.38,1367.05,2.71
1601827383,2465618,101561.0,150473.0,151.26,3,24.39,50.36,1357.23,2.67
1601827386,2468617,101557.0,151429.0,149.4,3,24.39,50.38,1340.88,2.6
1601827389,2471617,101555.0,150338.0,149.45,3,24.39,50.38,1341.31,2.6
1601827392,2474618,101557.0,151018.0,148.71,3,24.38,50.46,1334.78,2.58
1601827395,2477617,101553.0,149798.0,149.66,3,24.39,50.47,1343.07,2.61
1601827398,2480618,101551.0,149262.0,150.97,3,24.38,50.55,1354.53,2.66
1601827401,2483617,101551.0,148465.0,152.83,3,24.38,50.62,1370.74,2.72
1601827404,2486617,101553.0,147416.0,155.37,3,24.38,50.67,1392.98,2.81
1601827407,2489617,101555.0,148202.0,156.17,3,24.38,50.68,1399.96,2.84
1601827410,2492617,101555.0,147677.0,157.35,3,24.38,50.7,1410.31,2.89
1601827413,2495618,101557.0,146382.0,159.73,3,24.38,50.75,1431.11,2.98
1601827416,2498618,101555.0,145361.0,162.6,3,24.39,50.74,1456.2,3.1
1601827419,2501617,101561.0,145235.0,164.68,3,24.4,50.79,1474.44,3.18
1601827422,2504617,101559.0,145109.0,166.26,3,24.4,50.81,1488.18,3.25
1601827425,2507618,101559.0,145361.0,167.01,3,24.4,50.82,1494.74,3.28
1601827428,2510618,101559.0,144731.0,168.25,3,24.41,50.88,1505.55,3.34
1601827431,2513618,101555.0,143363.0,170.76,3,24.41,50.92,1527.55,3.45
1601827434,2516617,101557.0,143858.0,171.83,3,24.41,50.97,1536.86,3.5
1601827437,2519617,101555.0,143117.0,173.43,3,24.42,50.99,1550.85,3.57
1601827440,2522617,101557.0,141539.0,176.46,3,24.42,51.06,1577.32,3.72
1601827443,2525618,101555.0,141180.0,178.95,3,24.43,51.04,1599.09,3.84
1601827446,2528618,101557.0,142142.0,179.4,3,24.42,51.11,1603.03,3.87
1601827449,2531618,101553.0,141061.0,181.04,3,24.43,51.05,1617.36,3.95
1601827452,2534617,101557.0,141180.0,181.98,3,24.43,51.08,1625.49,4.0
1601827455,2537618,101559.0,140942.0,182.87,3,24.45,51.02,1633.26,4.05
1601827458,2540618,101561.0,140586.0,183.89,3,24.46,51.0,1642.12,4.1
1601827461,2543617,101559.0,141419.0,183.49,3,24.47,50.96,1638.62,4.08
1601827464,2546618,101559.0,141180.0,183.49,3,24.46,51.01,1638.57,4.08
1601827467,2549618,101561.0,140586.0,184.22,3,24.46,51.01,1644.86,4.12
1601827470,2552618,101561.0,140942.0,184.23,3,24.46,51.0,1644.98,4.12
1601827473,2555617,101563.0,141539.0,183.46,3,24.46,51.02,1638.14,4.08
1601827476,2558618,101561.0,141660.0,182.73,3,24.47,51.0,1631.7,4.04
1601827479,2561617,101561.0,141419.0,182.5,3,24.47,51.02,1629.63,4.02
1601827482,2564617,101563.0,140704.0,183.22,3,24.47,51.02,1635.88,4.06
1601827485,2567618,101563.0,141061.0,183.21,3,24.49,50.98,1635.73,4.06
1601827488,2570618,101561.0,141300.0,182.88,3,24.48,51.01,1632.82,4.04
1601827491,2573618,101561.0,140942.0,183.1,3,24.47,51.02,1634.7,4.06
1601827494,2576618,101561.0,140467.0,183.84,3,24.47,51.02,1641.08,4.09
1601827497,2579618,101561.0,140113.0,184.76,3,24.47,51.04,1649.15,4.14
1601827500,2582617,101561.0,141539.0,183.57,3,24.47,51.04,1638.63,4.08
1601827503,2585617,101563.0,140467.0,184.07,3,24.48,51.03,1642.97,4.11
1601827506,2588617,101563.0,140586.0,184.24,3,24.48,51.04,1644.39,4.12
1601827509,2591618,101561.0,140231.0,184.8,3,24.47,51.06,1649.24,4.15
1601827512,2594618,101563.0,141180.0,183.97,3,24.46,51.08,1641.93,4.1
1601827515,2597618,101565.0,140942.0,183.68,3,24.46,51.08,1639.37,4.08
1601827518,2600618,101563.0,139761.0,184.98,3,24.45,51.11,1650.73,4.15
1601827521,2603618,101574.0,140586.0,184.8,3,24.46,51.09,1649.04,4.14
1601827524,2606618,101563.0,141180.0,183.9,3,24.45,51.13,1641.17,4.1
1601827527,2609618,101574.0,140113.0,184.63,3,24.45,51.13,1647.47,4.13
1601827530,2612617,101574.0,140704.0,184.37,3,24.44,51.15,1645.16,4.12
1601827533,2615618,101574.0,140349.0,184.65,3,24.43,51.17,1647.52,4.13
1601827536,2618617,101576.0,140349.0,184.82,3,24.44,51.14,1648.94,4.14
1601827539,2621617,101574.0,140704.0,184.45,3,24.45,51.12,1645.72,4.12
1601827542,2624617,101574.0,140349.0,184.62,3,24.47,51.07,1647.15,4.13
1601827545,2627618,101576.0,140586.0,184.42,3,24.47,51.08,1645.29,4.12
1601827548,2630618,101565.0,139996.0,185.01,3,24.47,51.09,1650.44,4.15
1601827551,2633618,101563.0,139644.0,185.86,3,24.47,51.08,1657.82,4.2
1601827554,2636618,101565.0,139528.0,186.57,3,24.47,51.1,1664.02,4.24
1601827557,2639618,101565.0,139295.0,187.36,3,24.46,51.14,1670.82,4.28
1601827560,2642618,101565.0,139295.0,187.87,3,24.47,51.12,1675.23,4.31
1601827563,2645618,101565.0,139528.0,187.9,3,24.47,51.13,1675.49,4.31
1601827566,2648618,101563.0,139996.0,187.3,3,24.48,51.09,1670.21,4.28
1601827569,2651618,101563.0,139761.0,187.2,3,24.47,51.08,1669.28,4.27
1601827572,2654618,101563.0,140467.0,186.25,3,24.45,51.11,1660.92,4.22
1601827575,2657618,101565.0,141660.0,184.08,3,24.46,51.04,1641.89,4.1
1601827578,2660617,101563.0,141660.0,182.58,3,24.47,51.01,1628.7,4.02
1601827581,2663618,101563.0,140704.0,182.76,3,24.47,51.01,1630.2,4.03
1601827584,2666618,101565.0,140823.0,182.72,3,24.48,50.97,1629.85,4.03
1601827587,2669617,101563.0,141660.0,181.65,3,24.48,50.95,1620.38,3.97
1601827590,2672617,101565.0,142021.0,180.47,3,24.47,50.95,1610.05,3.91
1601827593,2675618,101561.0,141660.0,180.15,3,24.45,50.98,1607.22,3.89
1601827596,2678617,101563.0,142142.0,179.37,3,24.43,51.0,1600.3,3.85
1601827599,2681617,101561.0,141780.0,179.29,3,24.43,51.02,1599.56,3.85
1601827602,2684618,101565.0,142872.0,177.83,3,24.47,50.92,1586.73,3.77
1601827605,2687617,101574.0,142750.0,177.02,3,24.45,50.92,1579.62,3.73
1601827608,2690617,101565.0,143363.0,175.75,3,24.44,50.87,1568.46,3.67
1601827611,2693618,101563.0,144356.0,173.7,3,24.43,50.81,1550.51,3.57
1601827614,2696618,101565.0,145997.0,170.34,3,24.43,50.7,1521.04,3.42
1601827617,2699618,101563.0,146897.0,167.02,3,24.41,50.64,1491.97,3.27
1601827620,2702617,101565.0,148333.0,163.07,3,24.42,50.51,1457.38,3.1
1601827623,2705617,101563.0,149664.0,158.85,3,24.41,50.43,1420.47,2.93
1601827626,2708618,101563.0,148598.0,157.32,3,24.41,50.37,1407.02,2.87
1601827629,2711618,101565.0,150067.0,154.59,3,24.41,50.3,1383.15,2.77
1601827632,2714617,101565.0,149664.0,153.3,3,24.41,50.23,1371.81,2.73
1601827635,2717618,101565.0,150338.0,151.7,3,24.4,50.22,1357.81,2.67
1601827638,2720618,101563.0,152258.0,148.45,3,24.38,50.21,1329.31,2.56
1601827641,2723618,101563.0,153378.0,145.03,3,24.36,50.17,1299.35,2.44
1601827644,2726617,101565.0,153378.0,142.77,3,24.36,50.15,1279.56,2.37
1601827647,2729618,101563.0,154371.0,140.12,3,24.37,50.13,1256.4,2.29
1601827650,2732617,101563.0,152676.0,140.33,3,24.39,50.11,1258.16,2.3
1601827653,2735617,101576.0,153519.0,139.53,3,24.4,50.12,1251.13,2.27
1601827656,2738618,101574.0,151705.0,141.16,3,24.4,50.15,1265.35,2.32
1601827659,2741618,101574.0,152119.0,141.84,3,24.41,50.11,1271.31,2.34
1601827662,2744618,101576.0,151429.0,143.18,3,24.42,50.09,1282.93,2.38
1601827665,2747618,101565.0,151843.0,143.64,3,24.43,50.08,1286.93,2.4
1601827668,2750618,101565.0,151292.0,144.67,3,24.43,50.05,1295.89,2.43
1601827671,2753618,101565.0,152119.0,144.45,3,24.43,50.03,1293.99,2.42
1601827674,2756618,101565.0,151705.0,144.84,3,24.44,49.98,1297.36,2.44
1601827677,2759617,101563.0,153096.0,143.54,3,24.43,49.99,1285.96,2.39
1601827680,2762617,101565.0,153519.0,142.26,3,24.41,49.95,1274.69,2.35
1601827683,2765617,101565.0,155522.0,139.18,3,24.38,49.9,1247.79,2.26
1601827686,2768617,101563.0,157133.0,135.33,3,24.37,49.84,1214.11,2.15
1601827689,2771617,101565.0,157281.0,132.63,3,24.35,49.83,1190.48,2.07
1601827692,2774617,101574.0,155958.0,132.37,3,24.35,49.82,1188.18,2.06
1601827695,2777617,101574.0,156837.0,131.28,3,24.34,49.84,1178.56,2.04
1601827698,2780618,101565.0,157578.0,129.77,3,24.33,49.83,1165.41,1.99
1601827701,2783618,101565.0,157727.0,128.66,3,24.33,49.78,1155.67,1.97
1601827704,2786618,101574.0,157429.0,128.3,3,24.34,49.76,1152.46,1.96
1601827707,2789617,101563.0,158929.0,126.41,3,24.34,49.77,1135.95,1.91
1601827710,2792618,101561.0,157876.0,126.36,3,24.35,49.76,1135.42,1.91
1601827713,2795617,101563.0,158026.0,126.21,3,24.35,49.75,1134.1,1.9
1601827716,2798617,101565.0,157578.0,126.67,3,24.34,49.83,1138.05,1.91
1601827719,2801618,101565.0,158929.0,125.5,3,24.33,49.87,1127.85,1.88
1601827722,2804618,101574.0,158026.0,125.8,3,24.32,49.86,1130.39,1.89
1601827725,2807618,101574.0,158929.0,125.01,3,24.32,49.89,1123.52,1.87
1601827728,2810617,101574.0,159232.0,124.2,3,24.31,49.88,1116.39,1.85
1601827731,2813617,101565.0,157727.0,125.41,3,24.3,49.87,1126.97,1.88
1601827734,2816617,101561.0,158476.0,125.43,3,24.31,49.87,1127.05,1.88
1601827737,2819618,101563.0,155812.0,128.46,3,24.33,49.92,1153.49,1.96
1601827740,2822618,101561.0,155812.0,130.54,3,24.33,50.01,1171.65,2.01
1601827743,2825618,101574.0,156396.0,131.33,3,24.32,50.03,1178.51,2.03
1601827746,2828618,101576.0,158026.0,130.04,3,24.32,50.01,1167.18,2.0
1601827749,2831618,101574.0,156690.0,130.71,3,24.32,49.95,1173.05,2.02
1601827752,2834618,101565.0,156543.0,131.35,3,24.33,49.94,1178.61,2.04
1601827755,2837618,101574.0,156690.0,131.66,3,24.32,49.96,1181.25,2.04
1601827758,2840617,101565.0,158325.0,130.05,3,24.31,49.95,1167.19,2.0
1601827761,2843618,101574.0,156837.0,130.7,3,24.3,49.92,1172.78,2.02
1601827764,2846618,101563.0,156104.0,131.99,3,24.31,49.93,1184.01,2.05
1601827767,2849617,101565.0,156250.0,132.7,3,24.32,49.97,1190.17,2.07
1601827770,2852618,101565.0,156104.0,133.33,3,24.33,50.01,1195.67,2.09
1601827773,2855618,101565.0,154371.0,135.8,3,24.31,50.06,1217.2,2.16
1601827776,2858618,101565.0,154801.0,137.0,3,24.31,50.09,1227.63,2.19
1601827779,2861617,101565.0,155088.0,137.53,3,24.29,50.11,1232.23,2.21
1601827782,2864618,101574.0,155522.0,137.4,3,24.29,50.11,1231.09,2.2
1601827785,2867618,101576.0,154944.0,138.0,3,24.3,50.05,1236.22,2.22
1601827788,2870618,101576.0,153660.0,139.82,3,24.33,50.12,1252.11,2.27
1601827791,2873618,101574.0,153660.0,141.06,3,24.31,50.23,1262.92,2.31
1601827794,2876618,101578.0,153519.0,142.05,3,24.32,50.24,1271.49,2.34
1601827797,2879617,101576.0,150609.0,146.1,3,24.34,50.27,1306.78,2.47
1601827800,2882617,101576.0,149396.0,150.23,3,24.35,50.41,1342.86,2.61
1601827803,2885617,101578.0,150067.0,152.23,3,24.34,50.48,1360.26,2.68
1601827806,2888618,101578.0,150338.0,153.26,3,24.34,50.44,1369.18,2.71
1601827809,2891617,101576.0,148202.0,156.47,3,24.35,50.47,1397.14,2.83
1601827812,2894617,101574.0,143363.0,164.52,3,24.37,50.58,1467.34,3.15
1601827815,2897618,101578.0,139996.0,173.9,3,24.42,51.28,1549.11,3.56
1601827818,2900618,101576.0,140231.0,179.65,3,24.43,51.89,1599.23,3.84
1601827821,2903618,101578.0,139295.0,184.54,3,24.44,52.02,1641.85,4.1
1601827824,2906617,101578.0,140231.0,186.56,3,24.42,51.96,1659.42,4.21
1601827827,2909617,101578.0,139878.0,188.26,3,24.44,51.73,1674.26,4.31
1601827830,2912618,101576.0,137686.0,192.01,3,24.46,51.9,1706.9,4.52
1601827833,2915617,101576.0,138142.0,193.72,3,24.49,51.99,1721.81,4.63
1601827836,2918618,101576.0,138256.0,194.56,3,24.49,52.02,1729.06,4.68
1601827839,2921617,101574.0,138027.0,195.26,3,24.5,51.97,1735.06,4.72
1601827842,2924617,101574.0,137913.0,195.8,3,24.49,51.8,1739.8,4.75
1601827845,2927618,101574.0,138600.0,195.16,3,24.5,51.71,1734.15,4.71
1601827848,2930618,101574.0,139528.0,193.42,3,24.49,51.72,1718.86,4.61
1601827851,2933617,101576.0,140704.0,190.66,3,24.5,51.47,1694.82,4.44
1601827854,2936617,101574.0,139761.0,189.98,3,24.5,51.25,1688.77,4.4
1601827857,2939617,101576.0,140823.0,188.09,3,24.51,51.16,1672.31,4.29
1601827860,2942618,101576.0,140349.0,187.38,3,24.51,51.08,1666.07,4.25
1601827863,2945618,101576.0,141061.0,185.98,3,24.52,50.95,1653.74,4.17
1601827866,2948617,101578.0,141660.0,184.24,3,24.52,50.89,1638.55,4.08
1601827869,2951618,101578.0,143117.0,181.23,3,24.51,50.83,1612.22,3.92
1601827872,2954617,101578.0,142628.0,179.8,3,24.51,50.73,1599.7,3.85
1601827875,2957618,101580.0,143610.0,177.61,3,24.5,50.69,1580.64,3.74
1601827878,2960618,101582.0,142750.0,177.21,3,24.5,50.66,1577.09,3.72
1601827881,2963618,101582.0,143117.0,176.51,3,24.5,50.6,1570.92,3.68
1601827884,2966618,101580.0,143610.0,175.46,3,24.49,50.57,1561.69,3.63
1601827887,2969617,101584.0,144481.0,173.67,3,24.49,50.56,1546.08,3.55
1601827890,2972618,101584.0,142872.0,174.42,3,24.5,50.65,1552.58,3.58
1601827893,2975617,101584.0,143487.0,174.17,3,24.49,50.73,1550.31,3.57
1601827896,2978617,101578.0,144106.0,173.23,3,24.49,50.71,1542.08,3.53
1601827899,2981618,101580.0,142750.0,174.31,3,24.48,50.7,1551.49,3.58
1601827902,2984618,101582.0,143610.0,174.0,3,24.49,50.63,1548.69,3.56
1601827905,2987617,101582.0,142506.0,175.19,3,24.48,50.64,1559.1,3.62
1601827908,2990617,101582.0,142628.0,175.88,3,24.48,50.64,1565.05,3.65
1601827911,2993618,101582.0,142506.0,176.58,3,24.45,50.66,1571.05,3.68
1601827914,2996618,101582.0,142872.0,176.58,3,24.46,50.69,1571.07,3.68
1601827917,2999617,101582.0,141901.0,177.83,3,24.45,50.73,1581.93,3.74
1601827920,3002618,101580.0,141901.0,178.69,3,24.46,50.71,1589.38,3.79
1601827923,3005617,101576.0,142506.0,178.52,3,24.47,50.68,1587.81,3.78
1601827926,3008618,101574.0,141419.0,179.8,3,24.46,50.7,1598.9,3.84
1601827929,3011618,101574.0,141901.0,180.08,3,24.46,50.68,1601.35,3.86
1601827932,3014618,101576.0,142263.0,179.83,3,24.46,50.68,1599.13,3.84
1601827935,3017617,101574.0,141780.0,180.29,3,24.46,50.66,1603.05,3.87
1601827938,3020618,101578.0,141660.0,180.79,3,24.44,50.71,1607.37,3.89
1601827941,3023618,101578.0,143117.0,179.33,3,24.43,50.71,1594.57,3.82
1601827944,3026618,101580.0,142750.0,178.81,3,24.41,50.78,1590.0,3.79
1601827947,3029617,101582.0,142263.0,179.08,3,24.41,50.78,1592.32,3.8
1601827950,3032618,101580.0,143240.0,178.04,3,24.41,50.79,1583.24,3.75
1601827953,3035617,101578.0,143363.0,177.17,3,24.41,50.82,1575.62,3.71
1601827956,3038617,101580.0,142628.0,177.51,3,24.4,50.85,1578.54,3.73
1601827959,3041618,101576.0,142628.0,177.75,3,24.39,50.9,1580.59,3.74
1601827962,3044618,101582.0,142385.0,178.22,3,24.4,50.87,1584.61,3.76
1601827965,3047618,101578.0,142142.0,178.85,3,24.39,50.93,1590.03,3.79
1601827968,3050618,101580.0,141419.0,180.19,3,24.4,50.9,1601.65,3.86
1601827971,3053617,101582.0,142872.0,179.27,3,24.41,50.85,1593.6,3.81
1601827974,3056617,101584.0,141780.0,180.03,3,24.41,50.82,1600.17,3.85
1601827977,3059617,101582.0,142263.0,179.95,3,24.42,50.74,1599.48,3.85
1601827980,3062617,101582.0,142385.0,179.76,3,24.42,50.74,1597.71,3.83
1601827983,3065617,101584.0,141539.0,180.71,3,24.42,50.72,1605.93,3.88
1601827986,3068617,101582.0,142750.0,179.85,3,24.41,50.75,1598.39,3.84
1601827989,3071617,101576.0,143117.0,178.81,3,24.39,50.84,1589.3,3.79
1601827992,3074618,101576.0,142021.0,179.49,3,24.38,50.86,1595.23,3.82
1601827995,3077618,101576.0,142995.0,178.74,3,24.39,50.83,1588.6,3.78
1601827998,3080618,101578.0,141901.0,179.62,3,24.38,50.84,1596.26,3.83
1601828001,3083617,101580.0,142263.0,179.77,3,24.4,50.76,1597.52,3.83
1601828004,3086618,101582.0,141901.0,180.32,3,24.4,50.81,1602.27,3.86
1601828007,3089617,101586.0,142385.0,180.11,3,24.39,50.81,1600.38,3.85
1601828010,3092617,101582.0,143117.0,179.08,3,24.37,50.85,1591.33,3.8
1601828013,3095618,101582.0,143487.0,177.92,3,24.36,50.87,1581.19,3.74
1601828016,3098617,101582.0,142628.0,178.22,3,24.35,50.9,1583.78,3.75
1601828019,3101618,101582.0,143734.0,177.04,3,24.35,50.9,1573.51,3.7
1601828022,3104618,101582.0,142872.0,177.32,3,24.35,50.92,1575.84,3.71
1601828025,3107618,101584.0,143982.0,176.1,3,24.36,50.91,1565.21,3.65
1601828028,3110618,101586.0,141901.0,177.88,3,24.36,50.92,1580.67,3.74
1601828031,3113618,101586.0,143117.0,177.57,3,24.35,50.99,1577.88,3.72
1601828034,3116618,101586.0,142506.0,178.11,3,24.35,51.0,1582.57,3.75
1601828037,3119618,101588.0,142263.0,178.77,3,24.36,51.0,1588.26,3.78
1601828040,3122618,101586.0,141660.0,179.96,3,24.37,51.01,1598.53,3.84
1601828043,3125617,101588.0,141539.0,180.93,3,24.37,50.97,1606.95,3.89
1601828046,3128618,101589.0,142142.0,180.84,3,24.37,50.95,1606.09,3.88
1601828049,3131617,101589.0,142385.0,180.47,3,24.36,50.98,1602.84,3.86
1601828052,3134618,101589.0,142872.0,179.6,3,24.36,50.98,1595.22,3.82
1601828055,3137618,101589.0,141300.0,180.99,3,24.36,50.98,1607.25,3.89
1601828058,3140617,101589.0,143363.0,179.32,3,24.37,50.95,1592.69,3.81
1601828061,3143618,101589.0,143363.0,178.19,3,24.36,50.93,1582.86,3.75
1601828064,3146617,101589.0,142995.0,177.89,3,24.37,50.87,1580.16,3.73
1601828067,3149618,101588.0,143982.0,176.45,3,24.37,50.85,1567.58,3.66
1601828070,3152617,101589.0,144106.0,175.3,3,24.37,50.86,1557.59,3.61
1601828073,3155618,101588.0,143610.0,175.15,3,24.35,50.94,1556.24,3.6
1601828076,3158618,101584.0,142872.0,175.97,3,24.34,51.02,1563.29,3.64
1601828079,3161618,101588.0,142750.0,176.63,3,24.35,51.1,1569.03,3.67
1601828082,3164617,101586.0,142995.0,176.75,3,24.35,51.16,1569.95,3.68
1601828085,3167618,101586.0,142142.0,177.86,3,24.36,51.16,1579.61,3.73
1601828088,3170617,101586.0,142628.0,177.98,3,24.36,51.18,1580.64,3.74
1601828091,3173618,101584.0,142263.0,178.5,3,24.37,51.14,1585.09,3.76
1601828094,3176617,101584.0,141780.0,179.41,3,24.38,51.2,1592.92,3.81
1601828097,3179618,101584.0,140467.0,181.66,3,24.38,51.26,1612.43,3.92
1601828100,3182618,101584.0,141419.0,181.93,3,24.37,51.37,1614.75,3.93
1601828103,3185618,101584.0,140467.0,183.23,3,24.36,51.59,1626.0,4.0
1601828106,3188617,101584.0,140349.0,184.13,3,24.36,51.8,1633.83,4.05
1601828109,3191617,101584.0,140704.0,184.14,3,24.36,52.02,1633.82,4.05
1601828112,3194618,101588.0,141061.0,183.57,3,24.35,52.12,1628.84,4.02
1601828115,3197617,101586.0,141419.0,182.61,3,24.35,52.15,1620.46,3.97
1601828118,3200618,101589.0,141180.0,182.18,3,24.34,52.16,1616.62,3.95
1601828121,3203617,101589.0,141180.0,181.72,3,24.34,52.32,1612.61,3.92
1601828124,3206617,101586.0,140467.0,182.15,3,24.35,52.45,1616.26,3.94
1601828127,3209617,101588.0,140231.0,182.63,3,24.35,52.44,1620.44,3.97
1601828130,3212617,101588.0,139295.0,184.01,3,24.35,52.59,1632.33,4.04
1601828133,3215618,101588.0,139761.0,184.18,3,24.35,52.72,1633.8,4.05
1601828136,3218618,101588.0,140231.0,183.52,3,24.36,52.81,1627.96,4.01
1601828139,3221617,101586.0,139063.0,184.39,3,24.36,52.91,1635.52,4.06
1601828142,3224618,101584.0,139996.0,183.61,3,24.36,53.02,1628.65,4.02
1601828145,3227618,101584.0,138600.0,184.73,3,24.37,52.97,1638.39,4.08
1601828148,3230618,101584.0,138600.0,185.43,3,24.36,52.88,1644.38,4.12
1601828151,3233617,101584.0,138831.0,185.49,3,24.35,52.94,1644.88,4.12
1601828154,3236618,101584.0,139063.0,185.07,3,24.34,53.14,1641.12,4.09
1601828157,3239617,101584.0,139528.0,184.06,3,24.34,53.11,1632.33,4.04
1601828160,3242618,101584.0,140349.0,182.17,3,24.33,53.22,1615.87,3.94
1601828163,3245618,101584.0,139996.0,181.17,3,24.33,53.33,1607.07,3.89
1601828166,3248618,101582.0,139644.0,180.79,3,24.33,53.37,1603.75,3.87
1601828169,3251618,101586.0,140349.0,179.49,3,24.34,53.32,1592.45,3.8
1601828172,3254617,101586.0,139761.0,179.21,3,24.33,53.47,1589.94,3.79
1601828175,3257618,101588.0,140823.0,177.5,3,24.31,53.65,1575.01,3.71
1601828178,3260618,101589.0,140349.0,176.74,3,24.3,53.86,1568.39,3.67
1601828181,3263618,101589.0,140942.0,175.28,3,24.29,54.02,1555.66,3.6
1601828184,3266618,101591.0,140231.0,175.02,3,24.31,53.96,1553.35,3.59
1601828187,3269617,101591.0,140467.0,174.43,3,24.31,53.89,1548.14,3.56
1601828190,3272618,101591.0,141061.0,173.18,3,24.29,53.86,1537.26,3.5
1601828193,3275618,101593.0,141660.0,171.46,3,24.28,53.87,1522.28,3.42
1601828196,3278618,101593.0,141901.0,169.87,3,24.3,53.74,1508.45,3.35
1601828199,3281617,101595.0,141901.0,168.71,3,24.3,53.68,1498.3,3.3
1601828202,3284617,101595.0,141180.0,168.76,3,24.3,53.64,1498.69,3.3
1601828205,3287617,101595.0,142021.0,167.65,3,24.31,53.56,1489.04,3.25
1601828208,3290618,101595.0,142021.0,166.84,3,24.31,53.53,1481.91,3.22
1601828211,3293618,101595.0,142021.0,166.23,3,24.31,53.48,1476.6,3.19
1601828214,3296618,101595.0,142628.0,165.0,3,24.3,53.5,1465.9,3.14
1601828217,3299617,101593.0,141780.0,165.22,3,24.3,53.41,1467.74,3.15
1601828220,3302617,101593.0,142263.0,164.74,3,24.29,53.42,1463.48,3.13
1601828223,3305617,101593.0,143858.0,162.36,3,24.29,53.39,1442.85,3.03
1601828226,3308618,101593.0,143858.0,160.72,3,24.29,53.34,1428.54,2.97
1601828229,3311618,101595.0,144231.0,159.11,3,24.28,53.36,1414.5,2.91
1601828232,3314618,101595.0,143487.0,158.88,3,24.26,53.55,1412.49,2.9
1601828235,3317617,101597.0,144857.0,156.94,3,24.26,53.66,1395.55,2.83
1601828238,3320618,101591.0,145870.0,154.32,3,24.25,53.65,1372.8,2.73
1601828241,3323618,101595.0,144106.0,154.74,3,24.26,53.42,1376.43,2.74
1601828244,3326618,101597.0,144857.0,154.13,3,24.28,53.18,1371.06,2.72
1601828247,3329618,101595.0,144231.0,154.51,3,24.29,53.08,1374.31,2.74
1601828250,3332618,101593.0,143240.0,156.03,3,24.3,52.98,1387.54,2.79
1601828253,3335618,101593.0,142872.0,157.6,3,24.3,52.89,1401.13,2.85
1601828256,3338618,101593.0,144106.0,157.17,3,24.28,52.96,1397.33,2.83
1601828259,3341618,101591.0,143858.0,157.18,3,24.27,53.09,1397.35,2.83
1601828262,3344617,101591.0,141300.0,160.37,3,24.25,53.37,1425.02,2.95
1601828265,3347618,101593.0,141539.0,162.21,3,24.24,53.54,1440.97,3.03
1601828268,3350618,101593.0,141660.0,163.29,3,24.22,53.68,1450.29,3.07
1601828271,3353618,101589.0,142385.0,163.08,3,24.21,53.74,1448.43,3.06
1601828274,3356617,101591.0,143610.0,161.41,3,24.19,53.71,1433.87,2.99
1601828277,3359618,101591.0,144857.0,158.68,3,24.2,53.63,1410.15,2.89
1601828280,3362618,101591.0,144857.0,156.81,3,24.2,53.55,1393.91,2.82
1601828283,3365618,101593.0,146382.0,153.73,3,24.18,53.4,1367.07,2.71
1601828286,3368618,101595.0,147939.0,149.78,3,24.2,53.07,1332.8,2.57
1601828289,3371618,101593.0,146510.0,148.91,3,24.2,52.91,1325.23,2.54
1601828292,3374617,101593.0,146639.0,148.26,3,24.2,52.78,1319.51,2.52
1601828295,3377618,101593.0,147939.0,146.32,3,24.2,52.64,1302.7,2.46
1601828298,3380618,101593.0,147939.0,145.1,3,24.2,52.55,1292.02,2.42
1601828301,3383617,101593.0,148202.0,144.06,3,24.18,52.54,1282.97,2.38
1601828304,3386617,101593.0,149798.0,141.52,3,24.18,52.46,1260.9,2.3
1601828307,3389618,101593.0,149530.0,140.21,3,24.16,52.49,1249.49,2.27
1601828310,3392618,101595.0,150067.0,138.74,3,24.16,52.5,1236.74,2.22
1601828313,3395618,101591.0,150473.0,137.32,3,24.16,52.52,1224.32,2.18
1601828316,3398617,101593.0,150338.0,136.56,3,24.17,52.49,1217.74,2.16
1601828319,3401618,101595.0,150338.0,136.12,3,24.17,52.48,1213.85,2.15
1601828322,3404618,101593.0,150338.0,135.89,3,24.16,52.5,1211.85,2.14
1601828325,3407617,101595.0,150067.0,136.13,3,24.16,52.48,1213.95,2.15
1601828328,3410618,101593.0,150882.0,135.41,3,24.15,52.47,1207.65,2.13
1601828331,3413618,101593.0,152537.0,133.01,3,24.15,52.46,1186.79,2.06
1601828334,3416618,101595.0,151018.0,133.25,3,24.14,52.46,1188.83,2.07
1601828337,3419618,101595.0,152258.0,132.01,3,24.14,52.43,1178.06,2.03
1601828340,3422618,101595.0,151705.0,131.89,3,24.15,52.35,1176.99,2.03
1601828343,3425618,101591.0,150609.0,133.18,3,24.16,52.3,1188.16,2.06
1601828346,3428617,101593.0,149530.0,135.44,3,24.16,52.29,1207.71,2.13
1601828349,3431617,101591.0,150745.0,135.62,3,24.14,52.32,1209.26,2.13
1601828352,3434617,101595.0,151567.0,134.83,3,24.15,52.26,1202.37,2.11
1601828355,3437618,101595.0,151429.0,134.53,3,24.14,52.27,1199.72,2.1
1601828358,3440618,101591.0,151705.0,134.08,3,24.12,52.31,1195.8,2.09
1601828361,3443618,101591.0,151292.0,134.32,3,24.12,52.34,1197.8,2.1
1601828364,3446618,101589.0,152119.0,133.53,3,24.12,52.38,1190.97,2.07
1601828367,3449618,101589.0,151981.0,133.23,3,24.11,52.37,1188.29,2.07
1601828370,3452618,101593.0,152816.0,132.1,3,24.11,52.31,1178.5,2.03
1601828373,3455618,101593.0,152676.0,131.57,3,24.1,52.3,1173.86,2.02
1601828376,3458617,101593.0,153802.0,129.93,3,24.11,52.23,1159.64,1.98
1601828379,3461618,101591.0,152816.0,130.03,3,24.11,52.21,1160.47,1.98
1601828382,3464618,101591.0,154086.0,128.67,3,24.11,52.18,1148.64,1.95
1601828385,3467617,101591.0,152537.0,129.61,3,24.11,52.2,1156.75,1.97
1601828388,3470618,101595.0,152258.0,130.64,3,24.1,52.26,1165.6,2.0
1601828391,3473617,101593.0,151981.0,131.72,3,24.11,52.2,1174.96,2.02
1601828394,3476617,101591.0,152956.0,131.35,3,24.11,52.22,1171.71,2.01
1601828397,3479617,101591.0,152816.0,131.3,3,24.11,52.21,1171.29,2.01
1601828400,3482617,101591.0,152537.0,131.66,3,24.11,52.17,1174.35,2.02
1601828403,3485617,101591.0,153519.0,130.79,3,24.1,52.22,1166.78,2.0
1601828406,3488618,101589.0,153378.0,130.43,3,24.08,52.25,1163.57,1.99
1601828409,3491617,101589.0,153944.0,129.58,3,24.07,52.22,1156.21,1.97
1601828412,3494618,101593.0,154514.0,128.41,3,24.06,52.19,1146.03,1.94
1601828415,3497618,101595.0,154944.0,127.16,3,24.07,52.1,1135.18,1.91
1601828418,3500618,101593.0,153802.0,127.73,3,24.05,52.11,1140.07,1.92
1601828421,3503618,101589.0,152119.0,130.21,3,24.03,52.12,1161.5,1.98
1601828424,3506618,101589.0,152258.0,131.77,3,24.04,52.16,1175.02,2.02
1601828427,3509617,101589.0,152537.0,132.55,3,24.03,52.23,1181.78,2.04
1601828430,3512618,101588.0,150882.0,135.08,3,24.04,52.26,1203.62,2.11
1601828433,3515618,101591.0,149129.0,138.93,3,24.04,52.34,1236.99,2.22
1601828436,3518618,101591.0,148070.0,142.87,3,24.05,52.37,1271.05,2.34
1601828439,3521618,101589.0,146253.0,147.81,3,24.05,52.42,1313.82,2.5
1601828442,3524617,101591.0,145488.0,152.13,3,24.07,52.42,1351.21,2.64
1601828445,3527617,101593.0,146253.0,154.2,3,24.05,52.41,1369.12,2.71
1601828448,3530618,101589.0,146510.0,155.33,3,24.06,52.34,1378.85,2.75
1601828451,3533617,101593.0,147416.0,155.05,3,24.05,52.27,1376.37,2.74
1601828454,3536618,101589.0,148202.0,153.98,3,24.02,52.26,1367.07,2.71
1601828457,3539618,101591.0,148465.0,152.98,3,24.01,52.26,1358.36,2.67
1601828460,3542617,101591.0,149262.0,151.39,3,23.98,52.32,1344.59,2.62
1601828463,3545618,101589.0,149664.0,149.87,3,23.96,52.37,1331.39,2.56
1601828466,3548618,101591.0,149262.0,149.37,3,23.94,52.42,1327.01,2.55
1601828469,3551618,101595.0,148863.0,149.54,3,23.95,52.39,1328.41,2.55
1601828472,3554617,101597.0,148202.0,150.46,3,23.96,52.4,1336.36,2.58
1601828475,3557617,101595.0,147939.0,151.42,3,23.97,52.41,1344.62,2.62
1601828478,3560617,101595.0,148202.0,151.76,3,23.97,52.44,1347.58,2.63
1601828481,3563618,101595.0,147026.0,153.46,3,23.97,52.44,1362.21,2.69
1601828484,3566618,101595.0,147677.0,153.83,3,23.97,52.45,1365.42,2.7
1601828487,3569617,101595.0,147416.0,154.42,3,23.97,52.46,1370.48,2.72
1601828490,3572618,101595.0,147416.0,154.84,3,23.97,52.44,1374.08,2.73
1601828493,3575617,101593.0,147416.0,155.14,3,23.98,52.4,1376.6,2.75
1601828496,3578617,101595.0,147156.0,155.69,3,23.97,52.41,1381.33,2.76
1601828499,3581617,101597.0,148465.0,154.49,3,23.97,52.37,1370.95,2.72
1601828502,3584617,101595.0,147677.0,154.66,3,23.97,52.35,1372.33,2.73
1601828505,3587617,101595.0,147156.0,155.43,3,23.97,52.34,1379.01,2.76
1601828508,3590617,101595.0,147939.0,155.02,3,23.98,52.3,1375.38,2.74
1601828511,3593618,101595.0,148465.0,154.11,3,23.98,52.29,1367.47,2.71
1601828514,3596618,101593.0,148202.0,153.84,3,23.98,52.26,1365.06,2.7
1601828517,3599617,101597.0,148333.0,153.56,3,23.95,52.28,1362.64,2.69
1601828520,3602617,101595.0,147156.0,154.88,3,23.9,52.46,1374.04,2.73
1601828523,3605618,101595.0,148202.0,154.49,3,23.9,52.57,1370.62,2.72
1601828526,3608617,101595.0,148730.0,153.55,3,23.9,52.67,1362.44,2.69
1601828529,3611618,101595.0,148730.0,152.91,3,23.9,52.66,1356.84,2.66
1601828532,3614618,101597.0,147286.0,154.2,3,23.91,52.68,1368.01,2.71
1601828535,3617618,101595.0,147546.0,154.77,3,23.91,52.68,1372.86,2.73
1601828538,3620617,101595.0,147416.0,155.32,3,23.9,52.71,1377.62,2.75
1601828541,3623618,101597.0,148598.0,154.27,3,23.89,52.72,1368.46,2.71
1601828544,3626617,101597.0,148598.0,153.56,3,23.89,52.67,1362.28,2.69
1601828547,3629617,101595.0,149396.0,152.12,3,23.88,52.68,1349.77,2.64
1601828550,3632617,101595.0,149933.0,150.48,3,23.88,52.67,1335.59,2.58
1601828553,3635618,101595.0,148598.0,150.96,3,23.9,52.62,1339.64,2.6
1601828556,3638617,101593.0,148996.0,150.8,3,23.91,52.58,1338.22,2.59
1601828559,3641617,101593.0,149129.0,150.54,3,23.91,52.54,1335.96,2.58
1601828562,3644617,101595.0,150338.0,148.92,3,23.9,52.54,1321.96,2.53
1601828565,3647618,101597.0,150745.0,147.34,3,23.91,52.46,1308.24,2.48
1601828568,3650617,101595.0,150203.0,146.93,3,23.92,52.37,1304.64,2.46
1601828571,3653618,101595.0,150745.0,146.01,3,23.93,52.32,1296.67,2.43
1601828574,3656618,101597.0,151155.0,144.92,3,23.93,52.28,1287.19,2.4
1601828577,3659618,101597.0,151155.0,144.24,3,23.9,52.32,1281.27,2.38
1601828580,3662618,101597.0,151155.0,143.79,3,23.9,52.34,1277.36,2.36
1601828583,3665618,101597.0,150609.0,144.15,3,23.91,52.32,1280.44,2.37
1601828586,3668618,101597.0,150473.0,144.59,3,23.91,52.31,1284.19,2.39
1601828589,3671617,101597.0,150203.0,145.22,3,23.92,52.3,1289.62,2.41
1601828592,3674618,101603.0,149262.0,146.8,3,23.93,52.29,1303.23,2.46
1601828595,3677618,101601.0,150203.0,146.77,3,23.93,52.28,1302.9,2.46
1601828598,3680618,101599.0,150338.0,146.6,3,23.93,52.28,1301.42,2.45
1601828601,3683618,101601.0,150067.0,146.83,3,23.94,52.22,1303.34,2.46
